title,displayAddress,bathrooms,bedrooms,addedOn,rera,price,year,month,month_name,area
★ EXCLUSIVE RELEASE ★ | LUXURY 3 BED FLAT | GOLDEN VISA | MAID | FLEXI PAYMENTS | GENUINE DIRECT,"Sobha One, Sobha Hartland, Mohammed Bin Rashid City, Dubai",2,3,2024-01-06 17:05:24+00:00,817185656.0,3950000,2024,1,January,Mohammed Bin Rashid City
"★ BUY NOW 624,000AED ★ (20% FIRST PAYMENT + 4% DLD) | MAIDS | FLEXI PLAN | LUXURY | HIGH ROI | INVESTMENT","Sobha Verde, Jumeirah Lake Towers, Dubai",2,3,2024-01-13 21:19:31+00:00,817185656.0,2600000,2024,1,January,Jumeirah Lake Towers
GREEN HEART OF DUBAI |URBAN DESIGN | LUXURY LIVING,"Park Horizon, Dubai Hills Estate, Dubai",2,3,2024-03-12 03:18:54+00:00,2125965775.0,3450000,2024,3,March,Dubai Hills Estate
Prime Location | Corner Spacious Unit | BrightUnit,"AZIZI Riviera, Meydan One, Meydan, Dubai",2,3,2024-03-04 06:53:51+00:00,71149777382.0,2000000,2024,3,March,Meydan
Very Limited | Ideal For Investment | 40% Discount,"Verdana, Dubai Investment Park, Dubai",2,0,2024-03-04 13:24:39+00:00,465261649.0,284000,2024,3,March,Dubai Investment Park
Burj And Fountain View | 5 Year PHPP I 3 Service,"Forte 1, Forte, Downtown Dubai, Dubai",2,3,2024-01-10 13:08:51+00:00,7123592074.0,5000000,2024,1,January,Downtown Dubai
Modern 3BHK | Ready to Move | Good for ROI,"Binghatti Crest, Jumeirah Village Circle, Dubai",2,3,2024-01-29 03:12:40+00:00,71446825013.0,1570000,2024,1,January,Jumeirah Village Circle
DUPLEX  |  SEPARATED |  UNIQUE | MARINA VIEW,"Cayan Tower, Dubai Marina, Dubai",2,0,2024-02-08 08:01:54+00:00,7110258228.0,2700000,2024,2,February,Dubai Marina
Well Kept | Marina View | Prime Location,"Marina Wharf 2, Marina Wharf, Dubai Marina, Dubai",2,3,2024-02-22 10:04:55+00:00,7118054014.0,1950000,2024,2,February,Dubai Marina
Vast Unit | Smart Home | P.P6 YEASR /NO Commission,"Souks Residential, Al Mamsha, Muwaileh, Sharjah",2,3,2024-02-21 13:14:20+00:00,0.0,1499000,2024,2,February,Muwaileh
Large 3BR Full Burj Khalifa View Best Type,"South Ridge 1, South Ridge, Downtown Dubai, Dubai",2,3,2024-03-09 08:06:29+00:00,7119789300.0,5000000,2024,3,March,Downtown Dubai
Best Type Full Burj Khalifa View Large Layout,"South Ridge 6, South Ridge, Downtown Dubai, Dubai",2,3,2024-03-09 08:03:12+00:00,7120153400.0,5400000,2024,3,March,Downtown Dubai
Brand New | Pool and Community Views | High Floor,"Binghatti Crest, Jumeirah Village Circle, Dubai",2,3,2024-03-07 14:04:53+00:00,71446824633.0,1600000,2024,3,March,Jumeirah Village Circle
Luxury Upgrade | Loft | Full Sea Views | Vacant,"Bahar 2, Bahar, Jumeirah Beach Residence, Dubai",2,3,2024-02-26 09:33:05+00:00,7151743020.0,6500000,2024,2,February,Jumeirah Beach Residence
Gardenia/3BHK+M,"Gardenia Bay, Yas Island, Abu Dhabi",2,3,2023-11-30 06:23:45+00:00,0.0,2754938,2023,11,November,Yas Island
Upgraded | Vacant | Exclusive to Betterhomes.,"Building E, Garden East Apartments, Green Community, Dubai",2,3,2024-01-19 06:45:42+00:00,7168761760.0,2950000,2024,1,January,Green Community
Spacious Unit // Top Floor // Garden View,"Glitz 3, Glitz, Dubai Studio City, Dubai",2,3,2024-03-07 05:26:13+00:00,7121611474.0,1350000,2024,3,March,Dubai Studio City
Studio | Lagoon Community | Near Metro,"Azizi Venice, Dubai South (Dubai World Central), Dubai",2,0,2023-12-27 04:37:18+00:00,779618182.0,796000,2023,12,December,Dubai South (Dubai World Central)
Fully Furnished✅5 YRS Payment Plan✅ROI 60K YEARLY✅,"Red Square Tower, Jumeirah Village Triangle, Dubai",2,0,2024-03-04 03:16:06+00:00,576851571.0,585000,2024,3,March,Jumeirah Village Triangle
Owner Occupied | Upgraded | Large Terrace,"Jenna Main Square 2, Jenna Main Square, Town Square, Dubai",2,3,2024-02-06 10:28:02+00:00,7126231959.0,2100000,2024,2,February,Town Square
3BHK BEST PRICE |FREEHOLD | 90 MONTHS PLAN,"Raseel, Al Mamsha, Muwaileh, Sharjah",2,3,2024-03-09 11:08:13+00:00,0.0,1470000,2024,3,March,Muwaileh
0% interest | 4 years Payment plan,"Nas3, Arjan, Dubai",2,0,2024-03-15 02:24:30+00:00,1866863663.0,620000,2024,3,March,Arjan
1% Post Handover | Burj Khalifa View,"Ozone 1 Residence, District 13, Jumeirah Village Circle, Dubai",2,0,2024-03-15 02:54:00+00:00,1390788895.0,554000,2024,3,March,Jumeirah Village Circle
3 Bedroom | Available Now | Garden View,"Al Jaz 1, Al Jaz, Greens, Dubai",2,3,2024-02-27 07:27:40+00:00,7115062900.0,2250000,2024,2,February,Greens
Fully Upgraded | Modified Layout | Vacant Soon,"The Views 1, The Views, Dubai",2,3,2024-03-01 08:24:22+00:00,7115323700.0,3000000,2024,3,March,The Views
Sea View | Fully Furnished | High Floor | Vacant,"Apartment Building 7, Bluewaters Residences, Bluewaters, Dubai",2,3,2024-02-15 08:18:38+00:00,7148980826.0,14500000,2024,2,February,Bluewaters
Full Boulevard View | Spacious Layout | VOT,"AZIZI Riviera 13, Meydan One, Meydan, Dubai",2,3,2024-02-26 05:39:53+00:00,71141742392.0,2500000,2024,2,February,Meydan
Quattro Del Mar I Studio I Island Living Luxury,"Quattro Del Mar, Hayat Island, Mina Al Arab, Ras Al Khaimah",2,0,2024-01-25 07:46:22+00:00,0.0,920000,2024,1,January,Mina Al Arab
Luxury 3BHK Hotel Apartment  l Casino View,"Marjan Island Resort and Spa, Al Marjan Island, Ras Al Khaimah",2,3,2024-01-18 07:30:49+00:00,0.0,4000000,2024,1,January,Al Marjan Island
High Floor | Incredible unit | Prime Location,"Orchid, Creek Beach, Dubai Creek Harbour (The Lagoons), Dubai",2,3,2024-02-13 10:44:24+00:00,71409882267.0,3199000,2024,2,February,Dubai Creek Harbour (The Lagoons)
VIP Suite | Panoramic Views | High ROI,"Ciel Tower, Dubai Marina, Dubai",2,0,2024-01-30 14:05:43+00:00,71216090061.0,3200000,2024,1,January,Dubai Marina
Genuine Resale | Block A | Lake View | Spacious,"Seven City JLT, Jumeirah Lake Towers, Dubai",2,3,2024-02-15 10:05:44+00:00,71199026757.0,2100000,2024,2,February,Jumeirah Lake Towers
3 BR plus Laundry Room| Spacious | Investors Deal,"Zahra Breeze Apartments 3B, Zahra Breeze Apartments, Town Square, Dubai",2,3,2024-02-21 12:25:44+00:00,7125707519.0,1350000,2024,2,February,Town Square
NEW LAUNCH | CRYSTAL LAGOON | MULTIPLE OPTIONS,"Azizi Venice, Dubai South (Dubai World Central), Dubai",2,3,2024-02-18 05:53:41+00:00,1132248013.0,2425000,2024,2,February,Dubai South (Dubai World Central)
Brand New | First tenant | Emaar,"Urbana, EMAAR South, Dubai South (Dubai World Central), Dubai",2,3,2024-03-11 12:05:48+00:00,7134681132.0,1800000,2024,3,March,Dubai South (Dubai World Central)
Fully Furnished | Prime Location | High Floor,"Lake Terrace, Lake Almas East, Jumeirah Lake Towers, Dubai",2,3,2024-02-27 08:17:40+00:00,7122689100.0,2500000,2024,2,February,Jumeirah Lake Towers
Spacious Living | 3 bhk |Pool View | Brand New,"Binghatti Crest, Jumeirah Village Circle, Dubai",2,3,2024-03-04 05:49:04+00:00,71446819503.0,1550000,2024,3,March,Jumeirah Village Circle
Investment | Branded Residences | Beach Living,"Damac Bay 2, Dubai Harbour, Dubai",2,3,2024-03-06 12:29:37+00:00,1950679726.0,7373000,2024,3,March,Dubai Harbour
Golf Views | Fully Furnished | 2 Balconies,"Seven City JLT, Jumeirah Lake Towers, Dubai",2,3,2023-12-20 08:06:24+00:00,71199076529.0,1950000,2023,12,December,Jumeirah Lake Towers
Stylish Studio apartment | 50/50 PP | Q1 2027,"Cello Residences, Jumeirah Village Circle, Dubai",2,0,2024-03-11 04:19:59+00:00,911684486.0,614000,2024,3,March,Jumeirah Village Circle
Azizi Riveria 44 | 3 Bedroom Apartment |,"AZIZI Riviera, Meydan One, Meydan, Dubai",2,3,2023-09-26 09:46:06+00:00,71381122762.0,2300000,2023,9,September,Meydan
VACANT NOW | UPGRADED DESIGN | FULLY FURNISHED,"AZIZI Riviera, Meydan One, Meydan, Dubai",2,3,2023-12-13 09:45:59+00:00,71150511218.0,2000000,2023,12,December,Meydan
Investor Deal| Good Location| Park View | Tenanted,"Parkviews, Town Square, Dubai",2,3,2024-01-11 03:26:48+00:00,7193205388.0,1700000,2024,1,January,Town Square
Bright | High Floor | Spacious 3 BR,"AZIZI Riviera 14, Meydan One, Meydan, Dubai",2,3,2024-03-14 13:25:48+00:00,71150513756.0,2300000,2024,3,March,Meydan
Radiant Boulevard | Prime Location | Low Price,"Radiant Square, City Of Lights, Al Reem Island, Abu Dhabi",2,3,2024-03-15 05:02:31+00:00,0.0,1200000,2024,3,March,Al Reem Island
Large layout  & Canal View,"Peninsula Four, Peninsula, Business Bay, Dubai",2,3,2024-02-29 06:32:06+00:00,1535292330.0,12140000,2024,2,February,Business Bay
Fully Upgraded|Best Price|High Floor|Sunset View,"Central Park Residential Tower, Central Park Tower, DIFC, Dubai",2,3,2023-09-18 11:07:56+00:00,780760813.0,4500000,2023,9,September,DIFC
Exclusive Price | Vacant | Pool View,"Binghatti Crest, Jumeirah Village Circle, Dubai",2,3,2024-02-22 08:28:30+00:00,71446812643.0,1475000,2024,2,February,Jumeirah Village Circle
3 BR | HIGH FLOOR  | PRIVATE BEACH,"Beach Mansion, EMAAR Beachfront, Dubai Harbour, Dubai",2,3,2024-02-07 14:08:09+00:00,71377128546.0,6000000,2024,2,February,Dubai Harbour
New | View Today | Burj Khalifa view,"Azizi Riviera 20, Meydan One, Meydan, Dubai",2,3,2024-01-20 07:34:39+00:00,71140498374.0,2100000,2024,1,January,Meydan
Lavish Living | 15% on Booking |Perfect Investment,"Nas3, Arjan, Dubai",2,0,2024-03-15 04:04:13+00:00,656721171.0,620716,2024,3,March,Arjan
Ground Floor | Private Garden | Tenanted,"Urbana, EMAAR South, Dubai South (Dubai World Central), Dubai",2,3,2024-03-12 12:39:45+00:00,7134705290.0,1850000,2024,3,March,Dubai South (Dubai World Central)
Spacious 2 bedroom | Unfurnished | For Sale,"Yakout, Bab Al Bahar, Al Marjan Island, Ras Al Khaimah",2,3,2024-03-02 12:25:02+00:00,0.0,1900000,2024,3,March,Al Marjan Island
Excellent Investment | 3- Bed | Near Metro Station,"The Nook 2, The Nook, Wasl Gate, Dubai",2,3,2024-03-09 09:12:01+00:00,71240641474.0,1400000,2024,3,March,Wasl Gate
Premium Location | Fully Furnished | Luxury,"Luxury Family Residences II, Luxury Family Residences, Business Bay, Dubai",2,0,2024-01-18 10:25:53+00:00,71440009266.0,1305000,2024,1,January,Business Bay
Fully Furnished | Luxury Studio |Tenanted,"The Address The BLVD, Downtown Dubai, Dubai",2,0,2024-01-04 08:44:43+00:00,7117460378.0,2000000,2024,1,January,Downtown Dubai
Brand New | VOT | 3 Beds | High Quality,"The Nook 2, The Nook, Wasl Gate, Dubai",2,3,2022-07-15 10:30:56+00:00,71240651613.0,2100000,2022,7,July,Wasl Gate
High Floor | Park Facing | 3 + Maid's + Storage,"Jenna Main Square 2, Jenna Main Square, Town Square, Dubai",2,3,2024-01-23 02:22:29+00:00,7126232659.0,1600000,2024,1,January,Town Square
Brand New I Mid Floor I Burj and Fountain View,"Forte 1, Forte, Downtown Dubai, Dubai",2,3,2024-03-13 12:29:15+00:00,7123590958.0,4800000,2024,3,March,Downtown Dubai
Investment | Post Handover PP | Prime Location,"Sonate Residences, Jumeirah Village Triangle, Dubai",2,0,2024-03-15 07:49:50+00:00,1108686738.0,713598,2024,3,March,Jumeirah Village Triangle
Burj Khalifa Views | Maids Room | Notice Given,"South Ridge 5, South Ridge, Downtown Dubai, Dubai",2,3,2024-02-09 12:28:50+00:00,7120631000.0,4025000,2024,2,February,Downtown Dubai
Popular Views | Spacious W/ Post Payment,"Palm Beach Towers 1, Palm Beach Towers, Palm Jumeirah, Dubai",2,3,2024-01-15 14:24:54+00:00,71426214945.0,12803400,2024,1,January,Palm Jumeirah
Fully Renovated | VOT | Full Golf Views,"The Links East Tower, The Links, The Views, Dubai",2,3,2023-09-28 15:45:14+00:00,7122584400.0,4350000,2023,9,September,The Views
Sea View | High Floor | Tenanted,"Paramount Tower Hotel & Residences, Business Bay, Dubai",2,3,2024-02-15 11:46:07+00:00,7132466971.0,3250000,2024,2,February,Business Bay
PHPP | Fully Furnished | High ROI | Investment,"Seven City JLT, Jumeirah Lake Towers, Dubai",2,0,2024-03-06 11:48:32+00:00,71199070607.0,650000,2024,3,March,Jumeirah Lake Towers
AL BARARI | HIGH ROI | HIGH QUALITY,"The Haven, Majan, Dubai",2,3,2023-12-18 14:06:10+00:00,1833502569.0,2309567,2023,12,December,Majan
Stunning Views | Furnished | Vacant Now,"Shams 1, Shams, Jumeirah Beach Residence, Dubai",2,3,2024-02-20 10:08:11+00:00,7123162700.0,2800000,2024,2,February,Jumeirah Beach Residence
HIGH ROI | PAYMENT PLAN | SKYLINE VIEWS,"Park Views Residences B, Park Views Residences, Al Kifaf, Dubai",2,3,2024-03-13 07:36:11+00:00,911322789.0,3014000,2024,3,March,Al Kifaf
Premium Location | Spacious unit | Call Now,"Laurel, Central Park at City Walk, City Walk, Dubai",2,3,2023-12-18 14:03:09+00:00,71436775451.0,5900000,2023,12,December,City Walk
Brand New and Modern | High End Finishes,"Asayel, Madinat Jumeirah Living, Umm Suqeim, Dubai",2,3,2024-03-07 06:05:25+00:00,71262846856.0,7500000,2024,3,March,Umm Suqeim
STYLISH AND SPACIOUS 3 BEDROOM HOME IN JENNA,"Jenna Main Square 2, Jenna Main Square, Town Square, Dubai",2,3,2024-02-24 07:46:13+00:00,7126232251.0,1700000,2024,2,February,Town Square
Water Front| 3 bed apartment| Payment plan,"Quattro Del Mar, Hayat Island, Mina Al Arab, Ras Al Khaimah",2,3,2024-03-07 04:06:37+00:00,0.0,4000000,2024,3,March,Mina Al Arab
Exquisite 3BHK|City Skyline View|Modern Living,"Radiant Boulevard, City Of Lights, Al Reem Island, Abu Dhabi",2,3,2024-03-14 09:25:43+00:00,0.0,1300000,2024,3,March,Al Reem Island
Vacant Now | 3 Bedroom | Priced to Sell,"Al Khushkar, Shoreline Apartments, Palm Jumeirah, Dubai",2,3,2024-02-15 12:05:23+00:00,7118757600.0,4200000,2024,2,February,Palm Jumeirah
Under Offer – Similar properties urgently required,"Al Nakheel 2, Al Nakheel, Greens, Dubai",2,3,2024-01-08 08:24:18+00:00,7115098500.0,2300000,2024,1,January,Greens
Vacant | Full Palm Sea Burj Al Arab View,"Jumeirah Gate Tower 1, The Address Jumeirah Resort and Spa, Jumeirah Beach Residence, Dubai",2,3,2024-01-22 11:53:55+00:00,7135274236.0,8800000,2024,1,January,Jumeirah Beach Residence
Vacant on Transfer | Cash Seller | Motivated,"Al Sidir 3, Al Sidir, Greens, Dubai",2,3,2024-01-25 13:24:20+00:00,7115050100.0,2350000,2024,1,January,Greens
Unique | Waterfront Property | Prime Location,"320 Riverside Crescent, Sobha Hartland II, Mohammed Bin Rashid City, Dubai",2,3,2024-03-08 12:44:00+00:00,55177024.0,3829966,2024,3,March,Mohammed Bin Rashid City
Burj Khalifa View | High Floor | Genuine Resale,"Peninsula Three, Peninsula, Business Bay, Dubai",2,0,2023-10-10 06:25:59+00:00,71406188544.0,1150000,2023,10,October,Business Bay
3 Bed | Ready Q2 26 | 60/60 PHPP,"Helvetia Residences, Jumeirah Village Circle, Dubai",2,3,2024-03-11 06:09:41+00:00,1062428017.0,1850000,2024,3,March,Jumeirah Village Circle
Burj Khalifa/ Sea Views | Upgraded | Mid Floor,"Index Tower, DIFC, Dubai",2,3,2024-03-13 02:47:47+00:00,363301932.0,4500000,2024,3,March,DIFC
Large Layout | Amazing Terrace | Fully Furnished,"Views F, Yas Golf Collection, Yas Island, Abu Dhabi",2,3,2024-01-31 10:02:25+00:00,2087304450.0,4850000,2024,1,January,Yas Island
Prime location | Low Rise | Family friendly,"The Cove II Building 7, The Cove ll, Dubai Creek Harbour (The Lagoons), Dubai",2,3,2024-03-08 09:46:14+00:00,71449879715.0,5050000,2024,3,March,Dubai Creek Harbour (The Lagoons)
High Floor | Unobstructed Golf Course Views,"Golf Heights, Emirates Hills 2, Dubai",2,3,2024-03-14 07:08:40+00:00,71445548750.0,4715000,2024,3,March,Emirates Hills 2
High Floor | Smart Home | Fully Furnished,"Binghatti Canal, Business Bay, Dubai",2,0,2024-03-12 07:48:36+00:00,71404353838.0,1300000,2024,3,March,Business Bay
Breathtaking View | Best Deal | Fully Furnished,"The Address Dubai Marina, Dubai Marina, Dubai",2,3,2024-03-15 06:21:30+00:00,7127007200.0,5000000,2024,3,March,Dubai Marina
Vacant | Brand New | Multiple Units Available,"Binghatti Crest, Jumeirah Village Circle, Dubai",2,3,2024-02-27 03:25:19+00:00,71446811313.0,1460000,2024,2,February,Jumeirah Village Circle
Fully Upgraded | 3Br | Large Balcony | VOT,"The Views 1, The Views, Dubai",2,3,2024-03-08 07:50:15+00:00,7115323700.0,3000000,2024,3,March,The Views
Brand New | Amazing View | Corner Unit,"Binghatti Heights, Jumeirah Village Circle, Dubai",2,3,2024-03-12 11:22:25+00:00,71423480114.0,1670000,2024,3,March,Jumeirah Village Circle
"Most Affordable, Modern 3BR in Furjan | Q4 2024","AZIZI Pearl, Al Furjan, Dubai",2,3,2024-02-16 16:32:36+00:00,1368954078.0,1223775,2024,2,February,Al Furjan
"Open to All Nationalities, Easy Payments I Phase 2","Reeman Living, Al Shamkha, Abu Dhabi",2,3,2023-08-18 07:55:47+00:00,0.0,1148800,2023,8,August,Al Shamkha
Fully Furnished | Vacant | Marina view,"Armada Tower 3, Lake Elucio, Jumeirah Lake Towers, Dubai",2,3,2024-01-18 12:40:50+00:00,7122779400.0,1700000,2024,1,January,Jumeirah Lake Towers
With balcony/Sea View/ Hot deal of the Week!,"East Heights 2, Business Bay, Dubai",2,3,2024-02-26 10:17:08+00:00,7126277400.0,6000000,2024,2,February,Business Bay
Park View | Spacious Layout | Unfurnished,"Armada Tower 3, Lake Elucio, Jumeirah Lake Towers, Dubai",2,3,2024-03-15 07:16:09+00:00,7123444800.0,1850000,2024,3,March,Jumeirah Lake Towers
1% payment plan | Brand new offplan | Huge Balcony,"SquareX Residence, Jumeirah Village Circle, Dubai",2,0,2024-03-06 05:44:36+00:00,854240496.0,692064,2024,3,March,Jumeirah Village Circle
Italian style \ 1% monthly plan \ 8% ROI,"Vincitore Aqua Dimore, Dubai Science Park, Dubai",2,0,2024-02-15 07:09:17+00:00,1403606011.0,699000,2024,2,February,Dubai Science Park
Re-Sale | Prime Location | Modern |Spacious Layout,"SAFI 1A, Town Square, Dubai",2,3,2024-02-23 03:35:07+00:00,7123000074.0,1500000,2024,2,February,Town Square
Fully Furnished | Upgraded | closed kitchen,"Al Sidir 3, Al Sidir, Greens, Dubai",2,3,2024-01-22 09:22:50+00:00,7115050100.0,2350000,2024,1,January,Greens
Central Park View / Tenanted / Mid Floor,"The Nook 2, The Nook, Wasl Gate, Dubai",2,3,2023-10-18 10:35:15+00:00,71240641474.0,1450000,2023,10,October,Wasl Gate
"Vacant on transfer prime location, chiller free","Marina Wharf 2, Marina Wharf, Dubai Marina, Dubai",2,3,2024-03-05 13:28:59+00:00,7118053932.0,2100000,2024,3,March,Dubai Marina
Upscale Community | Low Premium | Serene Neighborhood,"Reeman Living, Al Shamkha, Abu Dhabi",2,3,2024-03-06 09:55:41+00:00,0.0,1120000,2024,3,March,Al Shamkha
3BR | Smart Home | Premium Location/NO Commission,"Al Mamsha, Muwaileh, Sharjah",2,3,2024-02-03 06:48:55+00:00,0.0,1499000,2024,2,February,Muwaileh
Marjan Loft - Prime Casino Location - Beach Views,"Treasure Island, Al Marjan Island, Ras Al Khaimah",2,3,2023-11-20 01:29:41+00:00,0.0,5242928,2023,11,November,Al Marjan Island
No commission/ DIP area /Higher ROI /Limited Units,"Verdana 2, Dubai Investment Park, Dubai",2,0,2024-03-10 08:29:11+00:00,903430662.0,248000,2024,3,March,Dubai Investment Park
Investor Deal | High ROI | Brand New,"AZIZI Riviera 12, Meydan One, Meydan, Dubai",2,0,2024-02-09 07:09:21+00:00,71140338748.0,700000,2024,2,February,Meydan
Best Corner Unit | Burj Khalifa and Canal View,"Peninsula Four, Peninsula, Business Bay, Dubai",2,3,2023-12-19 12:42:56+00:00,71444544037.0,4700000,2023,12,December,Business Bay
Fascinating Unit|Exciting Features|Invest Now,"Al Maryah Vista, Al Maryah Island, Abu Dhabi",2,0,2024-02-07 12:10:30+00:00,0.0,700000,2024,2,February,Al Maryah Island
1% per month_8-year PP_Private pool,"IVY Garden, Dubai Land, Dubai",2,0,2024-02-21 08:03:00+00:00,844783268.0,973879,2024,2,February,Dubai Land
Sea Side Living - 2 BR + Maids - Payment Plan with Visa,"Kahraman, Bab Al Bahar, Al Marjan Island, Ras Al Khaimah",2,3,2023-10-26 16:17:13+00:00,0.0,1900500,2023,10,October,Al Marjan Island
8 years Payment Plan | 15%Discount | Private Pool,"Samana Barari Views, Majan, Dubai",2,0,2024-03-16 04:17:32+00:00,1083252928.0,530000,2024,3,March,Majan
Modern Layout | Pool View | Smart Home,"Binghatti Crest, Jumeirah Village Circle, Dubai",2,3,2024-01-30 08:39:32+00:00,71446811313.0,1520000,2024,1,January,Jumeirah Village Circle
Partial Canal View| Alluring 3BR Unit| Good Deal,"Radiant Boulevard, City Of Lights, Al Reem Island, Abu Dhabi",2,3,2024-03-15 04:10:35+00:00,0.0,1095000,2024,3,March,Al Reem Island
Amazing Layout-Payment Plan-High Quality,"Terrazzo Residences, Jumeirah Village Circle, Dubai",2,3,2024-03-08 07:24:15+00:00,1678337573.0,2200000,2024,3,March,Jumeirah Village Circle
High ROI | Low Premium | Refined Neighborhood,"Reeman Living II, Al Shamkha, Abu Dhabi",2,3,2024-03-06 10:08:01+00:00,0.0,1120000,2024,3,March,Al Shamkha
Brand New | Best For Investment | Book Now,"Jumeirah Gate Tower 1, The Address Jumeirah Resort and Spa, Jumeirah Beach Residence, Dubai",2,3,2024-03-07 07:12:55+00:00,7135254496.0,7500000,2024,3,March,Jumeirah Beach Residence
Amazing Location | Vacant | Investment Opportunity,"Al Jaz 1, Al Jaz, Greens, Dubai",2,3,2024-03-15 07:24:32+00:00,7115062900.0,2250000,2024,3,March,Greens
Brand New|3BR+Storage| Scenic View| Prime Location,"Radiant Square, City Of Lights, Al Reem Island, Abu Dhabi",2,3,2023-10-03 03:28:09+00:00,0.0,1156000,2023,10,October,Al Reem Island
FLEXIBLE PAYMENT PLAN \ PAY 5% \ NEW DOWN TOWN,"Tiraz, Naseej District, Aljada, Sharjah",2,0,2024-03-03 09:34:51+00:00,0.0,490000,2024,3,March,Aljada
Spacious 3BR| Prime Location| Brand New!,"Radiant Square, City Of Lights, Al Reem Island, Abu Dhabi",2,3,2023-11-03 09:23:57+00:00,0.0,1210000,2023,11,November,Al Reem Island
3 bedrooms | Dream apartment | full services |5%DP,"Rove Home, Aljada, Sharjah",2,3,2024-02-21 08:30:21+00:00,844783268.0,2608000,2024,2,February,Aljada
Prime Location | High ROI | Modern Design,"Azizi Venice, Dubai South (Dubai World Central), Dubai",2,0,2024-02-20 07:09:04+00:00,8470901.0,686000,2024,2,February,Dubai South (Dubai World Central)
JVT area ✅  20% discount ✅ 5 years PP✅  Higher ROI,"Red Square Tower, Jumeirah Village Triangle, Dubai",2,0,2024-03-13 09:07:50+00:00,536737727.0,400000,2024,3,March,Jumeirah Village Triangle
✅ Sea view✅ Freehold Ownership ✅ Fully Furnished ✅,"Oceanz 2, Oceanz by Danube, Maritime City, Dubai",2,0,2024-03-13 10:25:22+00:00,1139816602.0,980000,2024,3,March,Maritime City
1 % MONTHLY | FULLY FURNISHED | PRIME LOCATION,"Al Jawhara Residences, Jumeirah Village Triangle, Dubai",2,0,2024-03-13 08:08:15+00:00,753816018.0,620000,2024,3,March,Jumeirah Village Triangle
Beautiful pool view | Brand new |Business class,"UNA Apartments, Town Square, Dubai",2,0,2024-02-20 03:34:31+00:00,71147807246.0,489000,2024,2,February,Town Square
Handover soon | 3BR Apartment | 10% DP,"Azizi Amber, Al Furjan, Dubai",2,3,2024-03-08 13:38:08+00:00,1768407146.0,1684500,2024,3,March,Al Furjan
FULL BURJ VIEW | CORNER UNIT | HIGH FLOOR,"St Regis The Residences, Burj Khalifa Area, Downtown Dubai, Dubai",2,3,2023-12-27 08:42:22+00:00,71400444487.0,7480154,2023,12,December,Downtown Dubai
3BHK| SMART HOME| EASY PP |NO BANK|5%DP,"Darb 4, Al Mamsha, Muwaileh, Sharjah",2,3,2023-12-19 08:09:29+00:00,0.0,1590000,2023,12,December,Muwaileh
3BR Luxury Apartment at Arbor View Arjan,"Arbor View, Arjan, Dubai",2,3,2024-03-09 04:16:01+00:00,514458073.0,2566828,2024,3,March,Arjan
Private Pool | Semi-Furnished | Stunning View,"Elitz 3 by Danube, Jumeirah Village Circle, Dubai",2,3,2024-03-09 03:47:21+00:00,1853625519.0,2299000,2024,3,March,Jumeirah Village Circle
LUXURY 3 BHK | 8 YEARS PP |1%MONTHLY ONLY | 5% DP,"Darb 4, Al Mamsha, Muwaileh, Sharjah",2,3,2023-12-21 06:45:19+00:00,844783268.0,1545000,2023,12,December,Muwaileh
3BHK | LUXURY DESIGN | 5%DP |  EASY P.P | Book Now,"Nesba, Aljada, Sharjah",2,3,2023-11-30 16:18:03+00:00,844783268.0,2242000,2023,11,November,Aljada
3BHK Smart | Luxury Community |Pool View |Book Now,"Rove Home, Aljada, Sharjah",2,3,2023-11-30 13:18:03+00:00,844783268.0,2608000,2023,11,November,Aljada
3BR Apartment w/ Stunning View | Easy Payment Plan,"Azizi Central, Al Furjan, Dubai",2,3,2024-03-08 13:49:41+00:00,835840478.0,2573000,2024,3,March,Al Furjan
Near Wynn Casino |Great Investment |Beach Access,"Pacific Samoa, Pacific, Al Marjan Island, Ras Al Khaimah",2,0,2023-06-09 05:29:03+00:00,0.0,530000,2023,6,June,Al Marjan Island
Radiant Boulevard | High Floor | Hottest Deal,"Radiant Square, City Of Lights, Al Reem Island, Abu Dhabi",2,3,2024-03-04 04:04:55+00:00,0.0,1100000,2024,3,March,Al Reem Island
Fully Furnished | 10% DP | Easy Payment Plan,"Sportz by Danube, Dubai Sports City, Dubai",2,0,2024-03-16 04:09:03+00:00,413215049.0,630000,2024,3,March,Dubai Sports City
Ready & Furnished | 50-50 Payment Plan | Luxury...,"Al Jawhara Residences, Jumeirah Village Triangle, Dubai",2,0,2024-03-13 05:50:22+00:00,41537489.0,600000,2024,3,March,Jumeirah Village Triangle
Vacant | Good Quality 3BR Unit | Pool View,"Binghatti Crest, Jumeirah Village Circle, Dubai",2,3,2024-01-29 03:21:04+00:00,71446824158.0,1550000,2024,1,January,Jumeirah Village Circle
Pay 1% Monthly | 10% DP | Furnished Studio,"Oceanz 3, Oceanz by Danube, Maritime City, Dubai",2,0,2024-03-16 03:53:15+00:00,344452703.0,1180000,2024,3,March,Maritime City
10% D.P | near hand over 2024 | Down Town,"Tiraz, Naseej District, Aljada, Sharjah",2,0,2024-03-12 05:44:50+00:00,0.0,490000,2024,3,March,Aljada
Luxury Studio w/ Stunning View | Easy Payment Plan,"The Haven, Majan, Dubai",2,0,2024-03-15 17:42:04+00:00,1352548351.0,656000,2024,3,March,Majan
Urban Apartment | Cozy Styled | 5% Down Payment,"Reeman Living II, Al Shamkha, Abu Dhabi",2,3,2024-02-06 15:22:03+00:00,0.0,1219100,2024,2,February,Al Shamkha
Fully Furnished w/ Stunning View | Payment Plan,"Red Square Tower, Jumeirah Village Triangle, Dubai",2,0,2024-03-16 05:11:32+00:00,741911797.0,597550,2024,3,March,Jumeirah Village Triangle
Fully Upgraded | High Floor | Burj Khalifa Views,"Tower B, DAMAC Towers by Paramount, Business Bay, Dubai",2,3,2024-03-04 10:49:17+00:00,7117445014.0,3600000,2024,3,March,Business Bay
Investors Deal | Storage Room | Two Balconies,"Reeman Living II, Al Shamkha, Abu Dhabi",2,3,2024-02-06 15:22:19+00:00,0.0,1219099,2024,2,February,Al Shamkha
SEA VIEW | LUXURY 1BR | HIGH RENTED | 10% DOWN PAYMENT |,"Blue Pearls, Ajmal Makan City, Al Hamriyah, Sharjah",2,0,2024-02-28 09:19:36+00:00,0.0,490000,2024,2,February,Al Hamriyah
Ramadan offer l 10% DP l large studio |investor deal,"Eleve by Deyaar, Jebel Ali, Dubai",2,0,2024-03-12 03:47:54+00:00,74237499.0,570000,2024,3,March,Jebel Ali
Sustainable Materials| Capacious 3BR| No Commission,"Reeman Living, Al Shamkha, Abu Dhabi",2,3,2023-09-15 02:35:19+00:00,0.0,1190900,2023,9,September,Al Shamkha
7K Monthly | 5Yrs Payment Plan | Prime Location,"The Central Downtown, Arjan, Dubai",2,0,2024-03-06 15:17:35+00:00,188877544.0,725000,2024,3,March,Arjan
Investment | Cavali Residences | Luxury Sea Living,"Damac Bay, Dubai Harbour, Dubai",2,3,2024-03-06 12:29:37+00:00,1950679726.0,7393000,2024,3,March,Dubai Harbour
Freehold  | Brand New | Large Terrace,"Uptown Al Zahia, Sharjah",2,3,2023-12-12 04:52:18+00:00,0.0,2100000,2023,12,December,Uptown Al Zahia
0% Commission | 40/60 P.P | Fantasy 3BD | No ADM,"Reeman Living, Al Shamkha, Abu Dhabi",2,3,2024-02-16 03:04:14+00:00,0.0,1170000,2024,2,February,Al Shamkha
Brand New| Spacious 3BR|High Floor| 2 Parking,"Radiant Square, City Of Lights, Al Reem Island, Abu Dhabi",2,3,2024-02-06 09:42:28+00:00,123456789.0,1500000,2024,2,February,Al Reem Island
Corner Unit | Full Skyline View | Close to OP,"Golf Grand, Dubai Hills Estate, Dubai",2,3,2024-02-13 08:10:32+00:00,71494296292.0,4300000,2024,2,February,Dubai Hills Estate
Bright and Elegant 3BR with Burj Khalifa View,"Forte 1, Forte, Downtown Dubai, Dubai",2,3,2024-03-14 03:36:39+00:00,7123590894.0,4500000,2024,3,March,Downtown Dubai
Resale | Original Price | Hot Deal,"Reeman Living, Al Shamkha, Abu Dhabi",2,3,2024-03-05 07:17:25+00:00,0.0,1215000,2024,3,March,Al Shamkha
1% Monthly Payment | Studio Skyline View,"The Central Downtown, Arjan, Dubai",2,0,2024-03-16 04:18:31+00:00,1704808279.0,745888,2024,3,March,Arjan
Stunning View | 10% Down Payment | Ready Unit,"Blue Waves Tower, Dubai Residence Complex, Dubai",2,0,2024-03-16 05:19:07+00:00,753509025.0,618000,2024,3,March,Dubai Residence Complex
Stunning View | Ready to Move-in | 10% DP,"Azizi Vista, Dubai Studio City, Dubai",2,0,2024-03-15 16:39:05+00:00,540318851.0,597600,2024,3,March,Dubai Studio City
Hot Deal | Original Price | Resale,"Reeman Living, Al Shamkha, Abu Dhabi",2,3,2024-03-05 07:21:24+00:00,0.0,1215000,2024,3,March,Al Shamkha
Brand New | Spacious 3BR | Last Chance,"Reeman Living, Al Shamkha, Abu Dhabi",2,3,2023-09-15 02:33:58+00:00,0.0,1200000,2023,9,September,Al Shamkha
Last Chance | Sustainable Design | Prime Location,"Reeman Living, Al Shamkha, Abu Dhabi",2,3,2023-09-15 02:36:38+00:00,0.0,1182200,2023,9,September,Al Shamkha
1% Monthly | 2 Years Post-Handover | New Launch,"The Central Downtown, Arjan, Dubai",2,0,2024-03-09 01:36:33+00:00,188877544.0,720000,2024,3,March,Arjan
NO Commission/Premium Location/3BR Smart Home | /,"Sama Residences, Al Mamsha, Muwaileh, Sharjah",2,3,2024-02-12 05:22:33+00:00,0.0,1399000,2024,2,February,Muwaileh
Burj Khalifa View | High Floor | Tenanted,"Downtown Views, Downtown Dubai, Dubai",2,3,2024-02-19 12:43:51+00:00,7121312495.0,6300000,2024,2,February,Downtown Dubai
Burj Khalifa View | High Floor | Vacant,"Downtown Views, Downtown Dubai, Dubai",2,3,2024-02-20 05:43:50+00:00,7121312503.0,6500000,2024,2,February,Downtown Dubai
60%/40% POST HANDOVER PAYMENT PLAN | CANAL VIEW !!,"Palace Residences, Dubai Creek Harbour (The Lagoons), Dubai",2,3,2024-02-02 10:09:02+00:00,71238643494.0,4200000,2024,2,February,Dubai Creek Harbour (The Lagoons)
High floor I Payment Plan I Branded apartment I Canal view,"Palace Residences - North, Dubai Creek Harbour (The Lagoons), Dubai",2,3,2024-03-12 08:30:49+00:00,71476699162.0,4800000,2024,3,March,Dubai Creek Harbour (The Lagoons)
"3BHK apartment in Sharjah,1% per month","Raseel, Al Mamsha, Muwaileh, Sharjah",2,3,2024-03-12 01:36:14+00:00,0.0,1599000,2024,3,March,Muwaileh
Best Layout | 3 Beds | Corner Unit | Handover Soon,"Binghatti Heights, Jumeirah Village Circle, Dubai",2,3,2023-11-17 12:45:41+00:00,71423488759.0,1550000,2023,11,November,Jumeirah Village Circle
Vacant 3 bed for sale | Greens | Ground floor,"Al Jaz 1, Al Jaz, Greens, Dubai",2,3,2024-01-10 01:03:18+00:00,7115062900.0,2250000,2024,1,January,Greens
"""Modern Elegance: Luxurious 3-Bedroom Apartment","Meera, Al Habtoor City, Business Bay, Dubai",2,3,2024-02-16 05:00:52+00:00,71164505230.0,5100000,2024,2,February,Business Bay
Contemporary Design | Multiple 3BR Units Available,"Binghatti Crest, Jumeirah Village Circle, Dubai",2,3,2024-01-29 02:58:56+00:00,71446825488.0,1600000,2024,1,January,Jumeirah Village Circle
High ROI | Burj Al Arab View | Fully Furnished,"The Palm Tower, Palm Jumeirah, Dubai",2,0,2024-02-22 04:41:14+00:00,7122941234.0,2200000,2024,2,February,Palm Jumeirah
READY| SEAVIEW| 10%ROI| | PAYMENT PLAN,"Ajmal Makan City, Al Hamriyah, Sharjah",2,0,2024-02-05 10:05:44+00:00,0.0,400000,2024,2,February,Al Hamriyah
Best view \ Crazy Deal\ 10% Down Payment,"Blue Bay, Al Nujoom Islands, Sharjah",2,0,2024-02-17 03:28:30+00:00,0.0,400000,2024,2,February,Al Nujoom Islands
"Upgraded 3 Bed, Renovated, Furnished, Good ROI","Zenith A1 Tower, Zenith Towers, Dubai Sports City, Dubai",2,3,2023-08-18 14:05:48+00:00,7159035660.0,899990,2023,8,August,Dubai Sports City
Brand new | High ROI | Chiller free | Furnished,"AZIZI Riviera, Meydan One, Meydan, Dubai",2,0,2024-02-07 13:49:05+00:00,71138271851.0,749000,2024,2,February,Meydan
Great Community | New Launch | 0% Commission,"Reeman Living, Al Shamkha, Abu Dhabi",2,3,2024-02-20 01:59:10+00:00,0.0,1114000,2024,2,February,Al Shamkha
own your apartment now with a down payment of 5%,"Darb 4, Al Mamsha, Muwaileh, Sharjah",2,3,2023-12-21 05:55:47+00:00,0.0,1499000,2023,12,December,Muwaileh
ADM Waiver-Zero Commission-Serene Community,"Reeman Living II, Al Shamkha, Abu Dhabi",2,3,2024-01-15 03:46:56+00:00,0.0,1170000,2024,1,January,Al Shamkha
Last Phase | Easy Payment Plan | Family Community,"Reeman Living, Al Shamkha, Abu Dhabi",2,3,2024-01-12 13:34:58+00:00,0.0,1170000,2024,1,January,Al Shamkha
own your apartment now with a down payment of 10%,"Darb 4, Al Mamsha, Muwaileh, Sharjah",2,3,2023-12-22 09:36:41+00:00,0.0,1375000,2023,12,December,Muwaileh
Spacious | Marina View | High Floor,"Armada Tower 1, Lake Elucio, Jumeirah Lake Towers, Dubai",2,3,2024-02-06 09:16:40+00:00,7123284000.0,1850000,2024,2,February,Jumeirah Lake Towers
Penthouse | Amazing Water View | VOT,"The Torch, Dubai Marina, Dubai",2,3,2023-08-22 11:43:47+00:00,7130387400.0,6800000,2023,8,August,Dubai Marina
1% MONTHLY | 10% DOWN PAYMENT | PRIVATE POOL,"Vincitore Aqua Dimore, Dubai Science Park, Dubai",2,0,2024-02-14 04:21:17+00:00,1237066593.0,729000,2024,2,February,Dubai Science Park
High ROI | 5% Down Payment Only | 0% Commission,"Reeman Living II, Al Shamkha, Abu Dhabi",2,3,2024-03-15 06:19:13+00:00,0.0,1170000,2024,3,March,Al Shamkha
Near Metro | Lagoon Views | Easy Payment Plan,"Azizi Venice, Dubai South (Dubai World Central), Dubai",2,0,2024-03-08 13:12:41+00:00,1394098032.0,597000,2024,3,March,Dubai South (Dubai World Central)
3BHK Smart | Luxury Community |Pool View |Book Now,"Nesba, Aljada, Sharjah",2,3,2023-11-30 16:23:11+00:00,844783268.0,2242000,2023,11,November,Aljada
Direct on Metro| Maids Room |Soon Hand Over,"Avenue Residence 5, Avenue Residence, Al Furjan, Dubai",2,3,2024-03-11 08:10:35+00:00,772840244.0,2543000,2024,3,March,Al Furjan
3bedroom apartment |delivery soon| 5% down payment,"Nesba, Aljada, Sharjah",2,3,2023-11-30 16:12:44+00:00,844783268.0,2242000,2023,11,November,Aljada
3BR Brand New | Premium Building | Near Metro,"The Nook 2, The Nook, Wasl Gate, Dubai",2,3,2023-10-19 07:02:13+00:00,71240641474.0,1550000,2023,10,October,Wasl Gate
Brand New | Vacant | Near Metro,"The Nook 1, The Nook, Wasl Gate, Dubai",2,3,2023-10-10 07:28:12+00:00,71240678103.0,1450000,2023,10,October,Wasl Gate
Corner Unit| 3BR+Maid's | Upgraded Fully Furnished,"Creek Horizon Tower 1, Creek Horizon, Dubai Creek Harbour (The Lagoons), Dubai",2,3,2024-02-19 10:22:37+00:00,7132566429.0,4288200,2024,2,February,Dubai Creek Harbour (The Lagoons)
Handover Soon | Easy Payment Plan | 10% DP,"Azizi Amber, Al Furjan, Dubai",2,3,2024-03-01 03:42:32+00:00,1768407146.0,1684500,2024,3,March,Al Furjan
Cash Investor Deal | DISCOUNT 40% | LIMITED UNITS,"Verdana 2, Dubai Investment Park, Dubai",2,0,2024-02-23 03:10:54+00:00,903430662.0,270000,2024,2,February,Dubai Investment Park
Luxury Italian Design/Private Pool/No Commission,"Vincitore Aqua Dimore, Dubai Science Park, Dubai",2,3,2024-02-20 05:53:32+00:00,1403606011.0,2496000,2024,2,February,Dubai Science Park
Private Pool | Semi-Furnished | Stunning View,"Elitz 3 by Danube, Jumeirah Village Circle, Dubai",2,3,2024-03-01 06:58:16+00:00,1853625519.0,2299000,2024,3,March,Jumeirah Village Circle
Indoor Pool/No Commission/1%monthly/Italian Design,"Vincitore Aqua Dimore, Dubai Science Park, Dubai",2,3,2024-02-17 04:07:05+00:00,1403606011.0,2462000,2024,2,February,Dubai Science Park
3BR Luxury Apartment | 14% DP | Completion Q2-2026,"Jannat, Midtown, Dubai Production City (IMPZ), Dubai",2,3,2024-03-04 03:43:14+00:00,194058103.0,1918437,2024,3,March,Dubai Production City (IMPZ)
40% Post Handover I High ROI I Prime Location,"Helvetia Residences, Jumeirah Village Circle, Dubai",2,0,2024-03-01 05:36:13+00:00,707264327.0,1042000,2024,3,March,Jumeirah Village Circle
URGENT SALE | Fully Upgraded | Pool View,"Zahra Apartments 2B, Zahra Apartments, Town Square, Dubai",2,3,2024-01-09 13:44:00+00:00,7123225475.0,1540000,2024,1,January,Town Square
New Launch Luxury Apartment | 10% Down Payment,"Ocean Point, Mina Rashid, Dubai",2,3,2024-03-11 04:21:41+00:00,1833128871.0,3330000,2024,3,March,Mina Rashid
Private Beach Access | Easy Payment Plan | Luxury,"Seapoint, EMAAR Beachfront, Dubai Harbour, Dubai",2,3,2024-02-05 08:07:37+00:00,1815339411.0,4944888,2024,2,February,Dubai Harbour
SPACIOUS 3 BED | READY TO MOVE IN | FULLY FURNISHED,"New Dubai Gate 2, Lake Elucio, Jumeirah Lake Towers, Dubai",2,3,2024-02-12 04:43:26+00:00,7117451386.0,1500000,2024,2,February,Jumeirah Lake Towers
TRILLIONAIRE RESIDENCES | New Launched | Dubai,"Trillionaire Residences, Business Bay, Dubai",2,0,2024-02-16 15:08:24+00:00,1480227934.0,1450000,2024,2,February,Business Bay
Premium Facilities| Prime Location | Ready to Move,"Boulevard Crescent 1, BLVD Crescent, Downtown Dubai, Dubai",2,3,2024-02-09 09:21:03+00:00,7116756193.0,4800000,2024,2,February,Downtown Dubai
Canal and Pool View | High ROI | High Floor,"Waters Edge, Yas Island, Abu Dhabi",2,0,2024-02-03 10:22:28+00:00,123456789.0,800000,2024,2,February,Yas Island
Amazing 3 Bedrooms | Full canal view | Corner Unit,"AZIZI Riviera, Meydan One, Meydan, Dubai",2,3,2024-02-14 15:45:58+00:00,71152810560.0,2600000,2024,2,February,Meydan
Amazing Views | Premium Location | Book Now!,"Safa Two, Business Bay, Dubai",2,3,2023-09-27 10:27:24+00:00,798519262.0,3933000,2023,9,September,Business Bay
Modern Living | Vibrant Atmosphere | JVC,"Binghatti Tulip, Jumeirah Village Circle, Dubai",2,0,2024-02-16 15:15:40+00:00,178662965.0,600000,2024,2,February,Jumeirah Village Circle
Multiples Units | 2 and 3 BR | Ready,"The Address Residences Dubai Opera Tower 1, The Address Residences Dubai Opera, Downtown Dubai, Dubai",2,3,2023-11-02 05:24:17+00:00,762065685.0,8000000,2023,11,November,Downtown Dubai
SLS Residences The Palm | Roya Development,"SLS Residences the Palm, Palm Jumeirah, Dubai",2,3,2024-03-08 03:44:25+00:00,887170468.0,10192000,2024,3,March,Palm Jumeirah
Affordable | Ideal for Investment | Almost Ready,"Radiant Boulevard, City Of Lights, Al Reem Island, Abu Dhabi",2,3,2024-01-30 08:42:01+00:00,0.0,1075000,2024,1,January,Al Reem Island
Sought After Community | High Floor | Good ROI Potential,"New Dubai Gate 2, Lake Elucio, Jumeirah Lake Towers, Dubai",2,3,2024-02-03 05:44:36+00:00,7117451729.0,1400000,2024,2,February,Jumeirah Lake Towers
ELEVE TOWER \ HIGH QUALITY \CUSTOM BUILT\ HIGH ROI,"Eleve by Deyaar, Jebel Ali, Dubai",2,3,2024-03-05 08:58:18+00:00,74237499.0,931855,2024,3,March,Jebel Ali
SLS Residences The Palm | Roya Development,"SLS Residences the Palm, Palm Jumeirah, Dubai",2,3,2024-03-08 03:23:26+00:00,359874115.0,13900000,2024,3,March,Palm Jumeirah
Canal View | Premium | Easy Payment Plan,"Canal Heights, Business Bay, Dubai",2,3,2023-09-27 10:26:10+00:00,1801907727.0,5710000,2023,9,September,Business Bay
Under offer | Large plot | Great condition,"Urbana III, EMAAR South, Dubai South (Dubai World Central), Dubai",2,3,2024-02-06 10:25:39+00:00,7179371806.0,1680000,2024,2,February,Dubai South (Dubai World Central)
3 Bed and Maids | Dubai South | Upgraded,"The Pulse Residence Park, The Pulse, Dubai South (Dubai World Central), Dubai",2,3,2023-11-28 12:28:01+00:00,7135987457.0,1480000,2023,11,November,Dubai South (Dubai World Central)
Pool View | Elite Apartment | Prime Location,"Diva, Yas Island, Abu Dhabi",2,3,2023-11-10 04:13:38+00:00,0.0,1265848,2023,11,November,Yas Island
Burj View! Upgraded & modified! Vacant!,"Standpoint Tower 1, Standpoint Towers, Downtown Dubai, Dubai",2,3,2024-03-16 03:33:19+00:00,7195867120.0,4000000,2024,3,March,Downtown Dubai
SPECIAL ISLAND | UNIQE PRPJECT | READY TO MOVE,"Blue Pearls, Ajmal Makan City, Al Hamriyah, Sharjah",2,0,2024-03-03 00:23:53+00:00,0.0,400000,2024,3,March,Al Hamriyah
WATERFRONT ALLURE | SKYLINE VIEWS   | ICONIC,"Clearpoint, Mina Rashid, Dubai",2,3,2024-02-16 02:31:10+00:00,1297860991.0,4660000,2024,2,February,Mina Rashid
State-of-the-Art Design | Low Premium | Serene Neighborhood,"Reeman Living, Al Shamkha, Abu Dhabi",2,3,2024-03-06 09:59:16+00:00,0.0,1120000,2024,3,March,Al Shamkha
Relaxing Canal View | Best Amenities | Ready to Move,"Radiant Boulevard, City Of Lights, Al Reem Island, Abu Dhabi",2,3,2024-03-15 06:04:02+00:00,0.0,1095000,2024,3,March,Al Reem Island
Timeless Design | Low Premium | Sought-after Neighborhood,"Reeman Living II, Al Shamkha, Abu Dhabi",2,3,2024-03-06 10:04:42+00:00,0.0,1120000,2024,3,March,Al Shamkha
Ferrari & Sea World View| Modern 3BR APT|Best Deal,"Waters Edge, Yas Island, Abu Dhabi",2,3,2024-03-13 04:04:40+00:00,0.0,2000000,2024,3,March,Yas Island
LUXURIOUS AMENITIES | URBAN LIVING | LUSH GREENERY,"Club Drive, Dubai Hills Estate, Dubai",2,3,2024-02-16 01:39:32+00:00,1796934248.0,3470000,2024,2,February,Dubai Hills Estate
Balcony| High Floor | Canal View | Ready &Vacant,"Waves Tower, Business Bay, Dubai",2,0,2024-02-28 09:30:36+00:00,71411658127.0,960000,2024,2,February,Business Bay
Resale | High ROI | Amazing Investement Chance,"Reeman Living, Al Shamkha, Abu Dhabi",2,3,2024-01-30 15:36:20+00:00,0.0,1280000,2024,1,January,Al Shamkha
3Bedroom Apartment |Prime Location|Down payment 5%,"Nesba, Aljada, Sharjah",2,3,2023-11-30 16:25:31+00:00,844783268.0,2242000,2023,11,November,Aljada
Best layout||10% down payment||New launch,"Eleve by Deyaar, Jebel Ali, Dubai",2,0,2024-03-08 16:41:02+00:00,74237499.0,555000,2024,3,March,Jebel Ali
Fully Furnished |5% Discount|Pay10% DP|5 Years P.P,"Faradis Tower, Al Mamzar - Sharjah, Sharjah",2,3,2024-02-25 10:14:47+00:00,0.0,1820000,2024,2,February,Al Mamzar - Sharjah
High ROI | 5% Down Payment Only | 0% Commission,"Reeman Living II, Al Shamkha, Abu Dhabi",2,3,2024-03-13 02:23:30+00:00,0.0,1170000,2024,3,March,Al Shamkha
3BHK Luxury | Building View |Smart Home |Book Now,"Rove Home, Aljada, Sharjah",2,3,2023-11-30 13:13:52+00:00,844783268.0,2608000,2023,11,November,Aljada
Amazing 3 Bedrooms Apartment | Prime Location,"Reeman Living, Al Shamkha, Abu Dhabi",2,3,2024-01-16 09:48:23+00:00,0.0,1123000,2024,1,January,Al Shamkha
COMPOUND VIEW ◆ ALL NATIONS ◆AMAZING LIFESTYLE,"Radiant Boulevard, City Of Lights, Al Reem Island, Abu Dhabi",2,3,2024-03-07 14:53:12+00:00,0.0,1400000,2024,3,March,Al Reem Island
Investor Deal  - Chiller Free - Smart Homes,"La Residenza, Jumeirah Village Circle, Dubai",2,0,2024-02-09 09:29:24+00:00,1328117913.0,999999,2024,2,February,Jumeirah Village Circle
Prime Location | High ROI | Modern Design,"Azizi Venice, Dubai South (Dubai World Central), Dubai",2,0,2024-02-20 06:39:26+00:00,8470901.0,690000,2024,2,February,Dubai South (Dubai World Central)
LUXURY 3 MASTERS BR- HANDOVER 9/2024 -4 YEARS PLAN,"Darb 4, Al Mamsha, Muwaileh, Sharjah",2,3,2023-12-04 08:19:41+00:00,0.0,1310000,2023,12,December,Muwaileh
Exclusive 3BR plus Maid /Huge Layout/Near to Metro,"Tulip, Azizi Residence, Al Furjan, Dubai",2,3,2024-03-05 06:05:22+00:00,7117647983.0,1700000,2024,3,March,Al Furjan
Prime Location | Luxurious Amenities | Elite Living,"Diva, Yas Island, Abu Dhabi",2,3,2023-11-09 03:11:19+00:00,0.0,1141888,2023,11,November,Yas Island
3BHK BEST PRICE | MODERN DESIGNE | 90 MONTHS PLAN,"Darb 4, Al Mamsha, Muwaileh, Sharjah",2,3,2023-12-04 08:13:02+00:00,0.0,1470000,2023,12,December,Muwaileh
Genuine Resale | Handover Soon | High ROI | Modern,"Binghatti Crest, Jumeirah Village Circle, Dubai",2,3,2024-01-23 08:42:54+00:00,71446813888.0,1560000,2024,1,January,Jumeirah Village Circle
Canal View | Brand New | Kitchen Equipped,"Peninsula Four, Peninsula, Business Bay, Dubai",2,3,2024-03-14 00:06:16+00:00,1758064541.0,12140000,2024,3,March,Business Bay
Hot deal\Fully furnished\Marina view,"Red Square Tower, Jumeirah Village Triangle, Dubai",2,0,2024-03-07 03:53:39+00:00,1385662660.0,623000,2024,3,March,Jumeirah Village Triangle
CASINO VIEW! Luxury Hotel Apartment 3 BR Sea View,"Marjan Island Resort and Spa, Al Marjan Island, Ras Al Khaimah",2,3,2023-11-14 06:10:42+00:00,0.0,4100000,2023,11,November,Al Marjan Island
10% ROI \ 10% DP \ Furnished \ Hand Over Dec 2026,"AG 9ine, Dubai Residence Complex, Dubai",2,0,2024-03-10 06:25:47+00:00,1242086609.0,580000,2024,3,March,Dubai Residence Complex
Hand Over Dec 2026 \ 10% ROI \ 10% DP \ Furnished,"AG 9ine, Dubai Residence Complex, Dubai",2,0,2024-03-11 05:16:18+00:00,1242086609.0,580000,2024,3,March,Dubai Residence Complex
Ready to Move in  | 3 Bedroom | Wasl 1,"1 Residences, Wasl1, Al Kifaf, Dubai",2,3,2024-02-05 02:06:29+00:00,1313793690.0,4138064,2024,2,February,Al Kifaf
Excellent investment |Smart home concept |Unobstructed Views,"Oxford Terraces 2, Jumeirah Village Circle, Dubai",2,0,2023-10-11 03:21:56+00:00,71488776435.0,600000,2023,10,October,Jumeirah Village Circle
Ready to Move in  | 3 Bedroom | 1 Residences,"1 Residences, Wasl1, Al Kifaf, Dubai",2,3,2024-02-05 02:04:47+00:00,1313793690.0,4070433,2024,2,February,Al Kifaf
Ready to Move in  | 3 Bedroom | 1 Residences,"1 Residences, Wasl1, Al Kifaf, Dubai",2,3,2024-02-05 02:07:40+00:00,1313793690.0,4244556,2024,2,February,Al Kifaf
Discount 20%,"Binghatti Gardenia, Jumeirah Village Circle, Dubai",2,0,2024-02-19 06:41:52+00:00,844783268.0,1524000,2024,2,February,Jumeirah Village Circle
Premium Location | Luxury Unit | Handover 2027,"Reeman Living, Al Shamkha, Abu Dhabi",2,3,2024-02-14 07:50:27+00:00,0.0,1180000,2024,2,February,Al Shamkha
Offers Ramadan| 25%Discount | 5Years Payment Plan,"Verdana 2, Dubai Investment Park, Dubai",2,0,2024-03-13 08:19:15+00:00,342283328.0,346000,2024,3,March,Dubai Investment Park
Sustainable Materials| Spacious 3BR| 2 Balconies,"Reeman Living II, Al Shamkha, Abu Dhabi",2,3,2024-01-11 07:12:09+00:00,0.0,1175000,2024,1,January,Al Shamkha
New Launch| 2 Balconies| Green Building Tech,"Reeman Living II, Al Shamkha, Abu Dhabi",2,3,2024-01-11 07:10:59+00:00,0.0,1180000,2024,1,January,Al Shamkha
40%Discount on Cash only | High ROI | Invest Now,"Verdana 2, Dubai Investment Park, Dubai",2,0,2024-02-23 16:13:27+00:00,342283328.0,270400,2024,2,February,Dubai Investment Park
Iconic Location| New Launch| Last Phase| Call Now,"Reeman Living II, Al Shamkha, Abu Dhabi",2,3,2024-01-11 07:14:16+00:00,0.0,1770000,2024,1,January,Al Shamkha
High ROI | Luxurious 3BR Apt | Panoramic View,"Radiant Square, City Of Lights, Al Reem Island, Abu Dhabi",2,3,2024-02-29 10:45:06+00:00,202202794105.0,1200000,2024,2,February,Al Reem Island
Very Easy Payment Plan | High ROI |Zero Commission,"Reeman Living, Al Shamkha, Abu Dhabi",2,3,2024-02-28 03:49:10+00:00,0.0,1110000,2024,2,February,Al Shamkha
Ready Soon | 1%Monthly |4Years Post Hand over,"Aras Heights, Majan, Dubai",2,0,2024-03-07 05:59:09+00:00,753334028.0,600000,2024,3,March,Majan
12Yrs Rent Guarantee | Upgraded | Beach Access,"Cote D' Azur Hotel, The Heart of Europe, The World Islands, Dubai",2,0,2024-03-05 09:12:32+00:00,1476710893.0,1800000,2024,3,March,The World Islands
12Yrs Rent Guarantee | Sea  View | Beach Access,"Cote D' Azur Hotel, The Heart of Europe, The World Islands, Dubai",2,0,2024-03-06 02:07:27+00:00,1476710893.0,1790000,2024,3,March,The World Islands
12Yrs Rent Guarantee | Sea  View | Beach Access,"Cote D' Azur Hotel, The Heart of Europe, The World Islands, Dubai",2,0,2024-03-07 08:41:03+00:00,1476710893.0,1810000,2024,3,March,The World Islands
Cash Investor Deal | DISCOUNT 40% | LIMITED UNITS,"Verdana 2, Dubai Investment Park, Dubai",2,0,2024-02-22 08:09:38+00:00,903430662.0,270000,2024,2,February,Dubai Investment Park
Vacant and Ready to Move in | Well Maintained,"Sherena Residence, Majan, Dubai",2,0,2024-02-29 07:04:39+00:00,7119426832.0,522000,2024,2,February,Majan
3 Bedrooms | Investment Deal | Handover 2024,"Radiant Square, City Of Lights, Al Reem Island, Abu Dhabi",2,3,2024-03-06 05:58:24+00:00,0.0,1337000,2024,3,March,Al Reem Island
AMAZING COMMUNITY| 40%DISCOUNT | INVESTMENT DEAL|,"Verdana, Dubai Investment Park, Dubai",2,0,2024-03-08 12:57:54+00:00,1292325984.0,280000,2024,3,March,Dubai Investment Park
On High Floor | Perfect Investment | Best Location,"Al Reem Island, Abu Dhabi",2,3,2024-02-27 12:02:44+00:00,0.0,1388000,2024,2,February,Al Reem Island
Offers Ramadan| 25%Discount | 5Years Payment Plan,"Verdana 2, Dubai Investment Park, Dubai",2,0,2024-03-15 19:11:28+00:00,342283328.0,346000,2024,3,March,Dubai Investment Park
Sustainable Design| Spacious 3BR| 2 Balconies,"Reeman Living II, Al Shamkha, Abu Dhabi",2,3,2024-01-11 07:09:34+00:00,0.0,1170000,2024,1,January,Al Shamkha
3BR ALMOST READY NEXT METRO | PAYMENTPLAN| LIMITED,"AZIZI Pearl, Al Furjan, Dubai",2,3,2024-03-13 05:18:21+00:00,945372823.0,1290000,2024,3,March,Al Furjan
Book with10K| 90 Months Installments | Freehold,"Darb 4, Al Mamsha, Muwaileh, Sharjah",2,0,2024-01-30 10:54:54+00:00,0.0,495000,2024,1,January,Muwaileh
Modern | Affordable | Good for Investment,"Reeman Living, Al Shamkha, Abu Dhabi",2,3,2024-02-11 08:26:15+00:00,0.0,1100000,2024,2,February,Al Shamkha
40%Discount on Cash only | High ROI | Invest Now,"Verdana 2, Dubai Investment Park, Dubai",2,0,2024-02-20 10:21:47+00:00,342283328.0,340000,2024,2,February,Dubai Investment Park
Modern Living | Panoramic Views | Handover Q2 2028,"Club Drive, Dubai Hills Estate, Dubai",2,3,2024-02-17 05:50:16+00:00,826128634.0,3400000,2024,2,February,Dubai Hills Estate
Fully Furnished| 5 Yrs. payment Plan| HIGHT ROI,"Altai Tower, Jumeirah Village Triangle, Dubai",2,0,2023-06-29 07:50:16+00:00,618998029.0,550000,2023,6,June,Jumeirah Village Triangle
Brand New | High Floor | Stunnig Canal View,"Aykon City Tower C, Aykon City, Business Bay, Dubai",2,0,2024-02-09 17:50:38+00:00,7129365532.0,1100000,2024,2,February,Business Bay
3BHK | 5% DP | Flexible payment plan | Book now,"Rove Home, Aljada, Sharjah",2,3,2023-11-30 13:11:39+00:00,844783268.0,2608000,2023,11,November,Aljada
"★ BUY NOW 624,000AED ★ (20% FIRST PAYMENT + 4% DLD) | MAIDS | FLEXI PLAN | LUXURY | HIGH ROI | INVESTMENT","Sobha Verde, Jumeirah Lake Towers, Dubai",2,3,2024-01-06 17:13:52+00:00,817185656.0,2600000,2024,1,January,Jumeirah Lake Towers
Hot Deal|Ferrari & Sea World View| Luxury 2BR Unit,"Waters Edge, Yas Island, Abu Dhabi",2,3,2024-03-13 03:50:29+00:00,0.0,2000000,2024,3,March,Yas Island
LIV LUX | Lounge spaces | Modern design,"Liv Lux, Dubai Marina, Dubai",2,3,2023-09-12 17:06:24+00:00,1381118590.0,6049548,2023,9,September,Dubai Marina
SEA  VIEW | LUX APPART | MODERN DESIGN,"Liv Lux, Dubai Marina, Dubai",2,3,2023-09-12 17:05:14+00:00,1490914236.0,8999548,2023,9,September,Dubai Marina
High Floor | Tower 1 | Burj Khalifa View,"St Regis The Residences, Burj Khalifa Area, Downtown Dubai, Dubai",2,3,2023-11-30 04:27:27+00:00,71400433087.0,7200000,2023,11,November,Downtown Dubai
UNIQUE LIFESTYLE ✦ PHASE II✦ 5%ONLY ✦ SMART HOME,"Reeman Living II, Al Shamkha, Abu Dhabi",2,3,2023-07-30 13:29:16+00:00,0.0,1114000,2023,7,July,Al Shamkha
Near Metro | Lagoon Views | Easy Payment Plan,"Azizi Venice, Dubai South (Dubai World Central), Dubai",2,0,2024-03-03 03:38:33+00:00,1394098032.0,597000,2024,3,March,Dubai South (Dubai World Central)
Burj Khalifa View | High ROI | Extremely High C AP,"Trillionaire Residences, Business Bay, Dubai",2,0,2024-02-20 07:28:47+00:00,967288924.0,1446111,2024,2,February,Business Bay
LUXURY FLAT | GOLDEN VISA | LAGOONS | FLEXI PAYMENTS | PRIME LOCATION | HIGH ROI | GENUINE DIRECT,"320 Riverside Crescent, Sobha Hartland II, Mohammed Bin Rashid City, Dubai",2,3,2024-01-06 17:13:17+00:00,817185656.0,3500000,2024,1,January,Mohammed Bin Rashid City
High ROI | Pool View | Best Facilities,"The Gate Tower 2, Shams Abu Dhabi, Al Reem Island, Abu Dhabi",2,0,2023-09-23 12:22:29+00:00,123456789.0,700000,2023,9,September,Al Reem Island
Vast Unit | Smart Home | Premium Location/NO Commission,"Al Mamsha, Muwaileh, Sharjah",2,3,2024-02-12 05:06:05+00:00,0.0,1499000,2024,2,February,Muwaileh
15% Discount | 4K Monthly | Limited Availability,"Verdana 2, Dubai Investment Park, Dubai",2,0,2024-03-07 05:40:07+00:00,465261649.0,395000,2024,3,March,Dubai Investment Park
Limited Availability I Near Wynn Casino I Handover 2026,"Quattro Del Mar, Hayat Island, Mina Al Arab, Ras Al Khaimah",2,3,2024-01-02 08:18:29+00:00,0.0,4000000,2024,1,January,Mina Al Arab
Hot Deal!! Discounts!! Motivated Seller!,"Seven City JLT, Jumeirah Lake Towers, Dubai",2,3,2024-01-17 07:49:33+00:00,71198858150.0,1780000,2024,1,January,Jumeirah Lake Towers
Do not pay rent / own   apartment pay 1% per month,"Verdana, Dubai Investment Park, Dubai",2,0,2023-06-25 11:05:51+00:00,1813694058.0,482000,2023,6,June,Dubai Investment Park
1% Monthly Payment Plan | High ROI | Luxury Living,"Levanto By Oro24, Jumeirah Village Circle, Dubai",2,3,2024-02-23 03:43:33+00:00,1035960560.0,1620000,2024,2,February,Jumeirah Village Circle
Amazing Price| Great Investment| Newly Launched !!,"Perla 2, Yas Bay, Yas Island, Abu Dhabi",2,3,2023-09-20 01:40:32+00:00,0.0,2231062,2023,9,September,Yas Island
No Commission | 5% DP | Unique Community,"Reeman Living, Al Shamkha, Abu Dhabi",2,3,2024-01-31 14:59:26+00:00,0.0,1110000,2024,1,January,Al Shamkha
Spacious Layout | Great Location | Relaxing View !,"Diva, Yas Island, Abu Dhabi",2,3,2023-09-19 16:56:59+00:00,0.0,1796139,2023,9,September,Yas Island
Skyline View I Luxurious Design I Perfect Harmony I Easy Payment Plan,"Sonate Residences, Jumeirah Village Triangle, Dubai",2,0,2024-03-11 08:43:27+00:00,124723280.0,726315,2024,3,March,Jumeirah Village Triangle
NEW| READY| MODERN| POOL VIEW| HIGH FLOOR,"Binghatti Crest, Jumeirah Village Circle, Dubai",2,3,2024-03-07 08:16:29+00:00,71446817793.0,1550000,2024,3,March,Jumeirah Village Circle
Best Deal in Masdar City Get Big Profit,"Royal Park, Masdar City, Abu Dhabi",2,0,2024-02-15 07:04:56+00:00,0.0,420000,2024,2,February,Masdar City
Ready studio | Next to Al Zahia City Centre,"Muwaileh, Sharjah",2,0,2024-03-12 10:45:42+00:00,0.0,489250,2024,3,March,Muwaileh
READY NOW | MARINA VIEW | POSTHANDOVER |INVEST NOW,"O2 Tower, Jumeirah Village Circle, Dubai",2,0,2024-03-06 06:08:47+00:00,70519376.0,600000,2024,3,March,Jumeirah Village Circle
PRIME LOCATION | MULTIPLE OPTIONS  | FLEXIBLE PP,"Azizi Riviera 63, Meydan, Dubai",2,0,2024-03-08 05:15:47+00:00,163360221.0,1142000,2024,3,March,Meydan
3 BR Apartment | Yasmin Village | Lagoon View,"Terrace Apartments, Yasmin Village, Ras Al Khaimah",2,3,2024-02-27 16:56:06+00:00,0.0,399999,2024,2,February,Yasmin Village
Great Price | Strategic Location | Eco-Friendly,"Alreeman, Al Shamkha, Abu Dhabi",2,3,2024-01-15 07:19:53+00:00,0.0,1169200,2024,1,January,Al Shamkha
Luxurious Apartment | Great Amenities | Prime,"Radiant Boulevard, City Of Lights, Al Reem Island, Abu Dhabi",2,3,2024-01-30 03:38:42+00:00,0.0,1213000,2024,1,January,Al Reem Island
Amazing Facilities| Ideal Location| Corner Unit,"Reeman Living II, Al Shamkha, Abu Dhabi",2,3,2023-12-20 03:02:02+00:00,0.0,1201500,2023,12,December,Al Shamkha
Book with10K| 99 Months Installments | Freehold,"Al Mamsha, Muwaileh, Sharjah",2,0,2024-01-17 09:05:52+00:00,0.0,495000,2024,1,January,Muwaileh
Corner Unit| Unique Features| Ideal Investment,"Reeman Living II, Al Shamkha, Abu Dhabi",2,3,2023-12-20 03:04:17+00:00,0.0,1166400,2023,12,December,Al Shamkha
Naya |  Lagoon Views & Direct Beach Access,"Naya at District One, District One, Mohammed Bin Rashid City, Dubai",2,3,2024-01-03 05:07:47+00:00,883430277.0,4520800,2024,1,January,Mohammed Bin Rashid City
balance of modern design and nature,"Terrazzo Residences, Jumeirah Village Circle, Dubai",2,3,2023-09-19 17:43:13+00:00,309712893.0,2261000,2023,9,September,Jumeirah Village Circle
Canal View | Brand New | Kitchen Equipped,"Peninsula Four, Peninsula, Business Bay, Dubai",2,3,2024-03-01 08:53:10+00:00,1758064541.0,5500000,2024,3,March,Business Bay
Fancy 3BR Unit| Convenient Location|Best Amenities,"Radiant Boulevard, City Of Lights, Al Reem Island, Abu Dhabi",2,3,2024-02-27 05:50:05+00:00,0.0,1207000,2024,2,February,Al Reem Island
Spacious 3BHK in Brand-new Tower | Pool View,"Radiant Square, City Of Lights, Al Reem Island, Abu Dhabi",2,3,2023-12-15 07:58:10+00:00,0.0,1250000,2023,12,December,Al Reem Island
"Urban oasis, garden view, eco life","Terrazzo Residences, Jumeirah Village Circle, Dubai",2,3,2023-09-19 17:31:28+00:00,1303336969.0,2228000,2023,9,September,Jumeirah Village Circle
balance of modern design and nature,"Terrazzo Residences, Jumeirah Village Circle, Dubai",2,3,2023-08-28 05:26:15+00:00,613001082.0,2166000,2023,8,August,Jumeirah Village Circle
Branded Furnished Apartment I Get your Golden Visa,"Rosso Bay Residence, Al Marjan Island, Ras Al Khaimah",2,3,2024-02-07 01:35:48+00:00,0.0,4486000,2024,2,February,Al Marjan Island
"Urban oasis, modern design, eco life","Terrazzo Residences, Jumeirah Village Circle, Dubai",2,3,2023-09-19 17:35:33+00:00,395178512.0,2115000,2023,9,September,Jumeirah Village Circle
READY STUDIO| 4YRS PAYMENTP | IN LUXURY COMMUNITY,"Al Mamsha, Muwaileh, Sharjah",2,0,2024-01-24 04:44:33+00:00,0.0,499000,2024,1,January,Muwaileh
READY NOW| BIG AREA | 4YRS PAYMENT PLAN | HIGH ROI,"Al Mamsha, Muwaileh, Sharjah",2,0,2024-01-29 06:00:39+00:00,0.0,499000,2024,1,January,Muwaileh
LIV MARINA | Residents Lounge | Modern design,"LIV Marina, Dubai Marina, Dubai",2,3,2023-09-12 17:49:05+00:00,1989372626.0,6999548,2023,9,September,Dubai Marina
Multiple Resale | Golf Course View | Investment Potential,"Seven City JLT, Jumeirah Lake Towers, Dubai",2,3,2023-11-01 08:31:09+00:00,71198925242.0,1980000,2023,11,November,Jumeirah Lake Towers
Discount10% | Fully Furnished | Smart Home,"1WOOD Residence, Jumeirah Village Circle, Dubai",2,0,2024-02-12 15:48:35+00:00,1486256166.0,528000,2024,2,February,Jumeirah Village Circle
4 Years Post Handover Payment Plan | Smart Home,"Aras Heights, Majan, Dubai",2,0,2024-03-13 12:09:39+00:00,205423985.0,660000,2024,3,March,Majan
25% DISCOUNT ✦ FURNESHED ✦ HIGH FLOOR ✦ TOWER B,"Diva, Yas Island, Abu Dhabi",2,3,2023-07-07 04:35:00+00:00,0.0,1351223,2023,7,July,Yas Island
25% DISCOUNT ✦ FURNESHED ✦ GROUND FLOOR ✦ TOWER A,"Diva, Yas Island, Abu Dhabi",2,3,2023-07-06 08:24:35+00:00,0.0,1347104,2023,7,July,Yas Island
FREEHOLD | POOL VIEW | 2BHK | 1% PP | SPACIOUS,"Al Mamsha, Muwaileh, Sharjah",2,3,2023-12-14 04:56:05+00:00,0.0,895000,2023,12,December,Muwaileh
LAKE VIEW | NEW LAUNCH | PAYMENT PLAN- 6 YEARS,"Albero By Oro24, Liwan, Dubai Land, Dubai",2,0,2023-12-19 05:09:19+00:00,1011700366.0,490000,2023,12,December,Dubai Land
GOLF COURSE VIEW+ FREE HOLD +FLEXIBLE PAYMENT PLAN,"Vista by Prestige One, Dubai Sports City, Dubai",2,0,2024-02-26 12:29:50+00:00,2004466023.0,570000,2024,2,February,Dubai Sports City
Get 40 % Discount Good Opportunity For Investment,"Royal Park, Masdar City, Abu Dhabi",2,0,2024-02-15 06:58:24+00:00,0.0,400000,2024,2,February,Masdar City
Hot Deal |Fully furnished | Vacant |,"Bayz by Danube, Business Bay, Dubai",2,3,2024-02-27 07:45:09+00:00,7184525029.0,2650000,2024,2,February,Business Bay
Beautiful Apartment | Partial Marina View | Rented,"Jumeirah Living Marina Gate, Marina Gate, Dubai Marina, Dubai",2,0,2023-11-11 08:45:38+00:00,7148045079.0,2200000,2023,11,November,Dubai Marina
Premium Development | 50% DLD Waiver | Luxury Lifestyle,"Urban Oasis, Business Bay, Dubai",2,3,2024-01-20 14:12:15+00:00,393273742.0,5292302,2024,1,January,Business Bay
FURNISHED | 5YRS PP | PRIME LOCATION | Smart Home,"Red Square Tower, Jumeirah Village Triangle, Dubai",2,0,2024-02-20 07:06:54+00:00,362721150.0,545000,2024,2,February,Jumeirah Village Triangle
Offers Ramadan| 25%Discount | 5Years Payment Plan,"Verdana 2, Dubai Investment Park, Dubai",2,0,2024-03-11 10:17:38+00:00,342283328.0,346000,2024,3,March,Dubai Investment Park
READY NOW HIGH RENTED IN MAMSHA PROJECT 4YRS PLAN,"Al Mamsha, Muwaileh, Sharjah",2,0,2024-01-31 06:31:36+00:00,0.0,499000,2024,1,January,Muwaileh
READY STUDIO | 4YRS PAYMENT PLAN | GATED COMMUNITY,"Al Mamsha, Muwaileh, Sharjah",2,0,2024-02-11 04:55:27+00:00,0.0,499000,2024,2,February,Muwaileh
3 BR for Sale | Luxury Apartment | Golf Views,"Seven City JLT, Jumeirah Lake Towers, Dubai",2,3,2023-08-12 03:24:34+00:00,71198893205.0,2200000,2023,8,August,Jumeirah Lake Towers
20 %Discount/ Royal suite / Private Pool / H.O2024,"Binghatti Gardenia, Jumeirah Village Circle, Dubai",2,3,2024-02-17 06:11:07+00:00,1586047456.0,2990000,2024,2,February,Jumeirah Village Circle
1% Monthly✅5 Years Payment Plan ✅Fully Kitchen Appliances,"The Central Downtown, Arjan, Dubai",2,0,2024-02-27 07:38:29+00:00,64413630.0,750000,2024,2,February,Arjan
Spacious 1BR | Garden View | VACANT,"Sun Tower, Shams Abu Dhabi, Al Reem Island, Abu Dhabi",2,0,2023-12-06 05:28:12+00:00,0.0,910000,2023,12,December,Al Reem Island
Great Investment | Mordan Layout | 2024 Handover,"Radiant Square, City Of Lights, Al Reem Island, Abu Dhabi",2,3,2024-02-03 20:25:14+00:00,0.0,1400000,2024,2,February,Al Reem Island
5% PP | FREEHOLD | 6 YEARS PP | PRIME LOCATION,"Al Mamsha, Muwaileh, Sharjah",2,3,2023-11-16 15:10:04+00:00,0.0,1449000,2023,11,November,Muwaileh
"Type B Villa | Palmera 2, Arabian Ranches","AZIZI Riviera, Meydan One, Meydan, Dubai",2,3,2024-01-12 10:47:24+00:00,1730859026.0,4400000,2024,1,January,Meydan
Zero Commission / 5% DP / New Phase,"Reeman Living, Al Shamkha, Abu Dhabi",2,3,2023-07-12 06:51:15+00:00,0.0,1182000,2023,7,July,Al Shamkha
10% down payment-Guaranteed ROI-Smart Home finishes,"Maryam Island, Sharjah",2,3,2024-01-25 07:03:38+00:00,0.0,1300000,2024,1,January,Maryam Island
Stunning| Garden | Ground Floor Unit | 2 Parking,"Al Ghadeer 2, Al Ghadeer, Abu Dhabi",2,3,2023-12-13 06:33:50+00:00,0.0,1300000,2023,12,December,Al Ghadeer
Furnished- Beach View- 1%Monthly|Luxury community,"Oceanz by Danube, Maritime City, Dubai",2,0,2024-02-05 15:41:31+00:00,1207826790.0,1041000,2024,2,February,Maritime City
Exclusive | Ground Floor 3 BED | Park View |Rented,"Urbana II, EMAAR South, Dubai South (Dubai World Central), Dubai",2,3,2023-05-29 02:30:08+00:00,7148300001.0,1500000,2023,5,May,Dubai South (Dubai World Central)
READY to MOVE / BRAND NEW / Vacant / LIMIT UNIT,"Blue Waves Tower, Dubai Residence Complex, Dubai",2,0,2024-01-02 11:41:24+00:00,657904007.0,550000,2024,1,January,Dubai Residence Complex
1% Monthly Payment Plan | High ROI | Luxury Living,"Levanto By Oro24, Jumeirah Village Circle, Dubai",2,3,2024-02-08 08:32:19+00:00,1051347466.0,1620000,2024,2,February,Jumeirah Village Circle
apartment for sale in Sun Tower on Al Reem Island,"Sun Tower, Shams Abu Dhabi, Al Reem Island, Abu Dhabi",2,3,2024-03-10 01:53:18+00:00,0.0,1850000,2024,3,March,Al Reem Island
GOOD FOR INVESTMENT AND LAYOUT | PRIME LOCATION,"The Fairmont Palm Residence North, The Fairmont Palm Residences, Palm Jumeirah, Dubai",2,3,2024-03-11 02:54:40+00:00,7165400850.0,11500000,2024,3,March,Palm Jumeirah
Beautiful flat for sale in sun Tower l Reem Island,"Sun Tower, Shams Abu Dhabi, Al Reem Island, Abu Dhabi",2,3,2024-03-10 01:50:59+00:00,0.0,1800000,2024,3,March,Al Reem Island
Furnished I  Ground floor with Terrace  I  Parking,"Diva, Yas Island, Abu Dhabi",2,3,2023-09-21 12:34:04+00:00,0.0,1390000,2023,9,September,Yas Island
Aquatic Oasis: Acua by Vincitore,"Vincitore Dolce Vita, Arjan, Dubai",2,0,2023-11-08 08:07:44+00:00,280846414.0,695000,2023,11,November,Arjan
Amazing 3BR+Maid | Partial Sea View | Vacant Unit,"Meera 1, Shams Abu Dhabi, Al Reem Island, Abu Dhabi",2,3,2023-08-16 04:43:58+00:00,0.0,1700000,2023,8,August,Al Reem Island
25% DISCOUNT INVESTOR PRICE HANDOVER NEXT YEAR,"Diva, Yas Island, Abu Dhabi",2,0,2024-01-07 11:03:35+00:00,0.0,580000,2024,1,January,Yas Island
10% down payment-Guaranteed ROI-Smart Home finishes,"Maryam Island, Sharjah",2,3,2024-02-19 12:08:27+00:00,0.0,1300000,2024,2,February,Maryam Island
Modern 3BR Unit| Good Community| Spacious Layout,"Al Ghadeer 2, Al Ghadeer, Abu Dhabi",2,3,2023-12-13 05:49:31+00:00,0.0,1100000,2023,12,December,Al Ghadeer
Luxurious 3BR Apartment | High Floor | Huge Size,"Marina Blue Tower, Marina Square, Al Reem Island, Abu Dhabi",2,3,2023-09-12 03:19:19+00:00,0.0,2600000,2023,9,September,Al Reem Island
10% Booking! | Prime Investment! | Community View!,"The Orchard Place, Jumeirah Village Circle, Dubai",2,0,2024-01-22 06:17:30+00:00,526358481.0,699000,2024,1,January,Jumeirah Village Circle
TAYPE G + TERRACE / COMPLETION Q3 2024 /SPACIOUS,"Luma 22, Jumeirah Village Circle, Dubai",2,3,2023-12-17 07:23:38+00:00,1296226034.0,2140000,2023,12,December,Jumeirah Village Circle
Brand New 3 BHK | Corner view | Ready to Move,"Azizi Riviera 19, Meydan One, Meydan, Dubai",2,3,2024-03-15 07:30:37+00:00,71149777382.0,2000000,2024,3,March,Meydan
COOL COMMUNITY◆AMAZING FACILITIES◆PRIME LOCATION,"Waterfall District, Al Ghadeer, Abu Dhabi",2,3,2024-02-08 04:01:06+00:00,0.0,1400000,2024,2,February,Al Ghadeer
15% ROI| 20% CAP APP| SEA VIEW| WATER FRONT LIVING,"The Bay Residence By Baraka, Yas Island, Abu Dhabi",2,0,2024-02-01 06:51:27+00:00,0.0,740000,2024,2,February,Yas Island
READY \ FULLY FURNISHED \ 2YRS POST HAND OVER,"Blue Waves Tower, Dubai Residence Complex, Dubai",2,0,2024-02-22 09:47:18+00:00,370902130.0,618170,2024,2,February,Dubai Residence Complex
Amazing Lifestyle | Cozy 3BR Unit| Best Amenities,"Radiant Boulevard, City Of Lights, Al Reem Island, Abu Dhabi",2,3,2024-02-27 07:45:54+00:00,0.0,1207000,2024,2,February,Al Reem Island
Fully Furnished✅5 YRS Payment Plan✅ROI 60K YEARLY✅,"Red Square Tower, Jumeirah Village Triangle, Dubai",2,0,2024-02-17 05:20:24+00:00,1177209556.0,600000,2024,2,February,Jumeirah Village Triangle
Marina View I Low Floor I Fully Furnished By Emaar,"Marina Vista, EMAAR Beachfront, Dubai Harbour, Dubai",2,3,2023-11-28 09:03:36+00:00,259909207.0,6900000,2023,11,November,Dubai Harbour
In JVC |Designed by Versace| Furnished,"Empire Suites, Jumeirah Village Circle, Dubai",2,0,2023-12-26 06:18:57+00:00,198643603.0,925999,2023,12,December,Jumeirah Village Circle
"Open to All Nationalities,Easy Payments!Invest Now","Reeman Living, Al Shamkha, Abu Dhabi",2,3,2024-02-26 07:24:01+00:00,0.0,1160000,2024,2,February,Al Shamkha
Investment | 12Yrs Rent Guarantee | Beach Access,"Cote D' Azur Hotel, The Heart of Europe, The World Islands, Dubai",2,0,2024-01-16 04:17:08+00:00,1476710893.0,1750000,2024,1,January,The World Islands
Three Bedroom | Apartment | Large Balcony,"ACES Chateau, Jumeirah Village Circle, Dubai",2,3,2024-02-15 11:28:04+00:00,7117962985.0,1410000,2024,2,February,Jumeirah Village Circle
Exclusive | Immaculate Condition | Modern Finishes,"Al Ghaf 4, Al Ghaf, Greens, Dubai",2,3,2024-02-19 07:22:56+00:00,7115059400.0,2500000,2024,2,February,Greens
Spacious 3 BHK | Luxury | Vacant | R2M,"Jasmine A, Jasmine, DAMAC Hills, Dubai",2,3,2023-11-04 05:40:09+00:00,187307660.0,2954000,2023,11,November,DAMAC Hills
10% Down payment✅1%monthly✅15%ROI✅Pool View,"Bayz by Danube, Business Bay, Dubai",2,0,2024-02-22 06:19:23+00:00,1139816602.0,1370000,2024,2,February,Business Bay
10% Down payment✅1%monthly✅Private Pool✅12%Roi,"Samana Barari Views, Majan, Dubai",2,0,2024-02-19 05:46:18+00:00,245475723.0,670000,2024,2,February,Majan
10% Down payment✅freehold.✅12%ROI✅Fully Furnished,"Pearl House III, Jumeirah Village Circle, Dubai",2,0,2024-02-22 04:44:25+00:00,198925524.0,656000,2024,2,February,Jumeirah Village Circle
Private pool | 8-yrs PP I 1% monthly |,"Samana Barari Views, Majan, Dubai",2,0,2023-12-29 11:16:56+00:00,1197469562.0,1800630,2023,12,December,Majan
NEW LAUNCH | LUXURIOUS UNIT | HIGH ROI,"Reeman Living, Al Shamkha, Abu Dhabi",2,3,2023-07-12 07:02:42+00:00,0.0,1118200,2023,7,July,Al Shamkha
"Studio for sale, Aljada, Sharjah free hold","Al Zahia, Muwaileh Commercial, Sharjah",2,0,2024-03-14 02:55:28+00:00,0.0,330000,2024,3,March,Muwaileh Commercial
High Floor | Hot Deal | Boulevard,"Radiant Boulevard, City Of Lights, Al Reem Island, Abu Dhabi",2,3,2024-03-10 10:12:56+00:00,0.0,1365000,2024,3,March,Al Reem Island
8 years Payment Plan | Dome and Waterfall View,"Sky Residences, Expo City, Dubai",2,3,2024-02-29 17:30:06+00:00,1990799258.0,4234000,2024,2,February,Expo City
1% MONTHLY |P.P 6 YEAR |HIGH RIO|LIMITED UNITES ..,"The Central Downtown, Arjan, Dubai",2,0,2024-02-14 07:25:01+00:00,64413630.0,670000,2024,2,February,Arjan
Amazing Sea View - Penthouse for sale- Al Marjan Island,"Fayrouz, Bab Al Bahar, Al Marjan Island, Ras Al Khaimah",2,3,2024-02-05 15:14:36+00:00,0.0,2600000,2024,2,February,Al Marjan Island
3BR+Study Room+Pvt Pool I Furnished I Payment Plan,"Pearlz by Danube, Al Furjan, Dubai",2,3,2024-03-09 10:22:23+00:00,71408453929.0,2500000,2024,3,March,Al Furjan
Prime Location|High Floor Balcony Maid & Store,"Tower 1, Al Reef Downtown, Al Reef, Abu Dhabi",2,3,2023-11-08 09:04:47+00:00,0.0,1200000,2023,11,November,Al Reef
3 Bedroom + Study + Pool I High End Finishing I 50/50 Payment Plan,"48 Parkside, Arjan, Dubai",2,3,2024-03-06 10:29:34+00:00,778438345.0,1720048,2024,3,March,Arjan
Luxury 3 Bhk | Sea View | Great Lifestyle,"Radiant Boulevard, City Of Lights, Al Reem Island, Abu Dhabi",2,3,2024-01-18 07:17:20+00:00,0.0,1194500,2024,1,January,Al Reem Island
✅Magnificent Unit| Partly Furnished| Invest Now,"Al Ghadeer 2, Al Ghadeer, Abu Dhabi",2,3,2023-12-20 05:51:50+00:00,0.0,1350000,2023,12,December,Al Ghadeer
Beautiful Town house |Duple Row |Mid Unite,"The Dahlias, Yas Acres, Yas Island, Abu Dhabi",2,3,2024-01-16 04:21:38+00:00,0.0,4100000,2024,1,January,Yas Island
3 bedroom apartment | Open view | 5% payment,"Rove Home, Aljada, Sharjah",2,3,2023-11-30 13:08:14+00:00,844783268.0,2608000,2023,11,November,Aljada
3BR | Luxury lifestyle | Prime location | 5% DP,"Nesba, Aljada, Sharjah",2,3,2023-11-30 13:50:30+00:00,844783268.0,2242000,2023,11,November,Aljada
Canal View | Brand New | Kitchen Equipped,"Peninsula Four, Peninsula, Business Bay, Dubai",2,3,2024-02-23 14:42:47+00:00,1758064541.0,6500000,2024,2,February,Business Bay
Upgraded I Spacious I Investor Deal I Laundry Room,"The Views 1, The Views, Dubai",2,3,2024-02-07 01:55:43+00:00,7115091700.0,2300000,2024,2,February,The Views
No Commission | 5% Down Payment | Unique Community,"Reeman Living II, Al Shamkha, Abu Dhabi",2,3,2023-12-12 01:27:16+00:00,0.0,1110000,2023,12,December,Al Shamkha
HANDOVER DONE | HIGH FLOOR | HIGH ROI | SMART HOME,"Binghatti Crest, Jumeirah Village Circle, Dubai",2,3,2023-11-14 04:33:00+00:00,1862855226.0,1632000,2023,11,November,Jumeirah Village Circle
Hot Deal |No Commission |Fully Furnished |High ROI,"Plaza, Masdar City, Abu Dhabi",2,0,2023-09-30 15:21:05+00:00,0.0,320000,2023,9,September,Masdar City
SUPER LUXURY PROJECT | 1%MONTHLY | LIMITED OFFER,"Levanto By Oro24, Jumeirah Village Circle, Dubai",2,3,2024-02-25 05:54:54+00:00,1154637946.0,1530000,2024,2,February,Jumeirah Village Circle
Luxurious Units | 5% DP Only | Affordable Pricing,"Reeman Living, Al Shamkha, Abu Dhabi",2,3,2024-02-13 05:28:37+00:00,0.0,1181000,2024,2,February,Al Shamkha
Next to the metro|Fully furnished|10%ROI,"Serene Gardens, Discovery Gardens, Dubai",2,0,2023-12-25 07:07:49+00:00,61475088.0,610000,2023,12,December,Discovery Gardens
Zero Commision | High ROI | Payment Plan,"Adhara Star, Arjan, Dubai",2,3,2023-11-13 03:42:21+00:00,1405794817.0,1930000,2023,11,November,Arjan
Zero Commision | High ROI | Payment Plan,"Adhara Star, Arjan, Dubai",2,3,2023-11-17 07:03:25+00:00,318270511.0,1930000,2023,11,November,Arjan
Convenient Location | Family Home  | Premium 3 BR,"Adhara Star, Arjan, Dubai",2,3,2023-11-09 11:15:50+00:00,812496132.0,1700000,2023,11,November,Arjan
Hand over  Couple of months furnished with payment,"The Community, Jumeirah Village Triangle, Dubai",2,0,2023-10-11 05:42:13+00:00,253948407.0,635000,2023,10,October,Jumeirah Village Triangle
Elegant 3BR | Spectacular View | Great Amenities,"Reeman Living, Al Shamkha, Abu Dhabi",2,3,2023-11-01 05:00:15+00:00,0.0,1100000,2023,11,November,Al Shamkha
58K Down payment⭐12%ROI ⭐4 Years Payment Plan,"Red Square Tower, Jumeirah Village Triangle, Dubai",2,0,2024-02-25 05:26:49+00:00,1456201323.0,580002,2024,2,February,Jumeirah Village Triangle
1%Monthly✅Pool View✅40%Discount✅10% Down Payment,"Verdana 2, Dubai Investment Park, Dubai",2,0,2024-02-27 04:49:06+00:00,458285624.0,270000,2024,2,February,Dubai Investment Park
Pool View | Elite Location| Perfect Investment,"Diva, Yas Island, Abu Dhabi",2,3,2023-11-09 03:11:11+00:00,0.0,1347104,2023,11,November,Yas Island
Pool View | Elite Apartment | Prime Location,"Diva, Yas Island, Abu Dhabi",2,3,2023-11-10 04:46:16+00:00,0.0,1351223,2023,11,November,Yas Island
New Project| Luxurious Amenities| Elite Location,"Reeman Living, Al Shamkha, Abu Dhabi",2,3,2023-11-28 09:11:04+00:00,0.0,1123700,2023,11,November,Al Shamkha
Prime Location| Luxury Living| New Project,"Reeman Living, Al Shamkha, Abu Dhabi",2,3,2023-11-28 09:07:08+00:00,0.0,1157900,2023,11,November,Al Shamkha
Good Price Offer | Newly Built and Best Community,"Al Ghadeer 2, Al Ghadeer, Abu Dhabi",2,3,2024-02-16 07:09:58+00:00,0.0,1200000,2024,2,February,Al Ghadeer
With Large Balcony and Stunning View of Mangrove,"Beach Towers, Shams Abu Dhabi, Al Reem Island, Abu Dhabi",2,3,2023-02-23 05:19:02+00:00,0.0,2090000,2023,2,February,Al Reem Island
Genuine Offer | Excellent Family Home | Get Now,"Al Reef Downtown, Al Reef, Abu Dhabi",2,3,2024-03-15 13:27:47+00:00,0.0,1050000,2024,3,March,Al Reef
Distress Sale 3 Bed Room Hall For Sale,"Emirates City, Ajman",2,3,2023-07-20 07:30:44+00:00,0.0,260000,2023,7,July,Emirates City
Great Location | Fantastic Community | Panoramic View,"Sky Tower, Shams Abu Dhabi, Al Reem Island, Abu Dhabi",2,3,2024-01-16 10:54:18+00:00,0.0,2000000,2024,1,January,Al Reem Island
Modern Conveniences & Entertainment l All Within Your Reach,"Reeman Living, Al Shamkha, Abu Dhabi",2,3,2023-07-09 09:21:44+00:00,0.0,1182000,2023,7,July,Al Shamkha
Luxury 3Bhk|Sea View |Great Lifestyle| Good Layout,"Radiant Boulevard, City Of Lights, Al Reem Island, Abu Dhabi",2,3,2024-01-15 04:06:20+00:00,0.0,1200000,2024,1,January,Al Reem Island
COMMUNITY VIEW | PRIVATE GARDEN | GOOD PRICE,"Al Ghadeer, Abu Dhabi",2,3,2024-01-09 05:25:25+00:00,0.0,1300000,2024,1,January,Al Ghadeer
Open view 3 bed room hall for sale with 1 parking,"Emirates City, Ajman",2,3,2023-09-19 06:06:52+00:00,0.0,245000,2023,9,September,Emirates City
Full Furnished 2 bedroom APT l Vacant l Hot Deal,"Al Reef Downtown, Al Reef, Abu Dhabi",2,3,2024-01-25 09:01:30+00:00,0.0,850000,2024,1,January,Al Reef
Fully Furnished Luxury Unit | Yas Bay Views,"Diva, Yas Island, Abu Dhabi",2,3,2023-02-14 04:15:35+00:00,0.0,1585000,2023,2,February,Yas Island
Fantastic 3 Bed room Hall for sale with 1 Parking,"Paradise Lakes Tower B6, Paradise Lakes Towers, Emirates City, Ajman",2,3,2022-09-14 09:57:21+00:00,0.0,280000,2022,9,September,Emirates City
For sale a luxury apartment A view of Al Qasba,"Al Khan, Sharjah",2,3,2024-03-12 02:49:11+00:00,0.0,650000,2024,3,March,Al Khan
Cozy Unit |Terraced Studio Apartment w/ Balcony,"Al Ghadeer, Abu Dhabi",2,0,2023-08-30 03:58:47+00:00,0.0,450000,2023,8,August,Al Ghadeer
Fantastic 3 Bed room Hall for Sale with 1 Parking,"Paradise Lakes Towers, Emirates City, Ajman",2,3,2023-07-07 08:44:44+00:00,0.0,255000,2023,7,July,Emirates City
Brand new/Golf facing/Call me,"Greenside Residence, Dubai Hills, Dubai Hills Estate, Dubai",2,3,2023-09-25 09:10:16+00:00,916652094.0,3306888,2023,9,September,Dubai Hills Estate
Rented unit | Well Maintained | Community view,"Afnan 4, Midtown, Dubai Production City (IMPZ), Dubai",2,0,2023-12-29 07:44:13+00:00,7124753026.0,530000,2023,12,December,Dubai Production City (IMPZ)
NOOK 2|LARGE UNIT|2BR@800K|3BR AT 2M!,"The Nook 2, The Nook, Wasl Gate, Dubai",2,3,2023-11-02 05:21:44+00:00,71240651613.0,2100000,2023,11,November,Wasl Gate
Private Pool | Call me | Post Handover PP !!,"IVY Garden, Dubai Land, Dubai",2,3,2023-12-29 05:52:28+00:00,77979978.0,1699866,2023,12,December,Dubai Land
Mangrove View⏳ Rented⏳3BHK + Maid,"Mangrove Place, Shams Abu Dhabi, Al Reem Island, Abu Dhabi",2,3,2023-12-25 05:47:12+00:00,0.0,1700000,2023,12,December,Al Reem Island
Smart Home | Fully Equipped Kitchen | Book Today,"Luma 22, Jumeirah Village Circle, Dubai",2,0,2023-03-11 05:54:41+00:00,664031750.0,1225105,2023,3,March,Jumeirah Village Circle
4 Years Post Handover Payment Plan | Smart Home,"Aras Heights, Majan, Dubai",2,0,2024-03-15 12:09:43+00:00,205423985.0,660000,2024,3,March,Majan
apartment for sale in Sun Tower on Al Reem Island,"Sun Tower, Shams Abu Dhabi, Al Reem Island, Abu Dhabi",2,3,2024-02-21 02:19:55+00:00,0.0,1850000,2024,2,February,Al Reem Island
Mesmerizing Sea View |Payment Plan Available,"Al Marjan Island, Ras Al Khaimah",2,0,2024-02-27 07:15:09+00:00,0.0,1300010,2024,2,February,Al Marjan Island
Lagoon Views 3br | Community view | 02 series,"Lagoon Views, District One, Mohammed Bin Rashid City, Dubai",2,3,2024-03-13 05:35:40+00:00,1507136401.0,6500000,2024,3,March,Mohammed Bin Rashid City
Amazing Views I Spacious 3 BR Unit I With Balcony,"Beach Towers, Shams Abu Dhabi, Al Reem Island, Abu Dhabi",2,3,2022-06-02 05:40:57+00:00,0.0,2300000,2022,6,June,Al Reem Island
1% MONTHLY|7 YEARS PLAN|LUXURY FURNISHED,"MAG 330, City of Arabia, Dubai",2,0,2024-02-16 10:09:10+00:00,1067404951.0,788000,2024,2,February,City of Arabia
Park View | 3 bedroom | Castleton,"Castleton, Central Park at City Walk, City Walk, Dubai",2,3,2024-03-13 05:22:26+00:00,820056075.0,7500000,2024,3,March,City Walk
Amazing Full Canal l Great Amenities |,"Waters Edge, Yas Island, Abu Dhabi",2,3,2023-11-06 03:55:56+00:00,0.0,2200000,2023,11,November,Yas Island
Stunning Burj Khalifa View | Exclusive,"The Address Dubai Mall, Downtown Dubai, Dubai",2,3,2023-09-23 03:34:44+00:00,7142798230.0,10000000,2023,9,September,Downtown Dubai
Pool View | Near Metro | High ROI | Fully Furnished,"Serene Gardens, Discovery Gardens, Dubai",2,0,2024-01-29 12:15:39+00:00,1126549681.0,640000,2024,1,January,Discovery Gardens
⚡Hot Deal | High ROI | Close To Facilities,"Al Khaleej Village, Al Ghadeer, Abu Dhabi",2,3,2023-11-28 02:36:16+00:00,0.0,1000000,2023,11,November,Al Ghadeer
Duplex 3 BR with Full Sea View High Floor,"Shams 1, Shams, Jumeirah Beach Residence, Dubai",2,3,2024-01-30 10:28:29+00:00,7116170100.0,8500000,2024,1,January,Jumeirah Beach Residence
Luxurious 3Br in Prime Location | Stunning Views,"AZIZI Pearl, Al Furjan, Dubai",2,3,2024-02-16 16:31:05+00:00,1368954078.0,1245000,2024,2,February,Al Furjan
READY IN 09/2024 | HIGH ROI | CENTRAL LOCATION,"Binghatti House, Jumeirah Village Circle, Dubai",2,0,2023-08-23 10:29:00+00:00,55913725.0,600000,2023,8,August,Jumeirah Village Circle
Vacant | Fully Upgraded Furnished | Burj view |,"Standpoint Tower 1, Standpoint Towers, Downtown Dubai, Dubai",2,3,2023-10-11 08:05:02+00:00,7195874960.0,4200000,2023,10,October,Downtown Dubai
Genuine Resale|Payment Plan| Furnished| Near Metro,"Golf Views Seven City, Jumeirah Lake Towers, Dubai",2,3,2023-11-17 03:04:32+00:00,1295197365.0,2000000,2023,11,November,Jumeirah Lake Towers
Modern Layout 3 BR | Great Investment,"Green Diamond 1 B, Green Diamond 1, Arjan, Dubai",2,3,2024-02-09 13:26:52+00:00,7199848558.0,1087000,2024,2,February,Arjan
High-End 3 Bedroom|Very Spacious| Premium Location,"Mamsha Al Saadiyat, Saadiyat Cultural District, Saadiyat Island, Abu Dhabi",2,3,2023-10-01 12:06:37+00:00,0.0,11000000,2023,10,October,Saadiyat Island
Amazing Canal view l Great Amenities |,"Waters Edge, Yas Island, Abu Dhabi",2,3,2024-02-13 05:03:04+00:00,0.0,1950000,2024,2,February,Yas Island
10%Down Payment 240K | 2% monthly Payment plan |High ROI,"Azizi Venice, Dubai South (Dubai World Central), Dubai",2,3,2024-02-20 07:02:16+00:00,1703559660.0,2400000,2024,2,February,Dubai South (Dubai World Central)
High ROI I Fully furnished I 4 years post handover payment plan I Investor Deal,"Equiti Gate, Jebel Ali, Dubai",2,0,2023-12-26 12:53:53+00:00,1681738080.0,580000,2023,12,December,Jebel Ali
The cheapest 3-bedroom apartment in installments,"Golf Tower, Emirates City, Ajman",2,3,2023-11-09 15:56:47+00:00,0.0,699000,2023,11,November,Emirates City
Hot Price |Premium Location |Brand New Boulevard,"Radiant Square, City Of Lights, Al Reem Island, Abu Dhabi",2,3,2023-12-26 01:56:08+00:00,0.0,1199999,2023,12,December,Al Reem Island
★ FULLY EQUIPPED BOSCH KITCHEN ★,"1WOOD Residence, Jumeirah Village Circle, Dubai",2,0,2024-02-04 10:54:48+00:00,379358861.0,565000,2024,2,February,Jumeirah Village Circle
1% MONTHLY-HOT AREA-HEART OF AJMAN,"Garden Residences, Emirates City, Ajman",2,0,2024-02-17 03:41:03+00:00,0.0,233000,2024,2,February,Emirates City
3BK+ Maid⏳ Luxurious ⏳ Rent Refundable,"Meera 1, Shams Abu Dhabi, Al Reem Island, Abu Dhabi",2,3,2023-11-13 03:22:19+00:00,0.0,1800000,2023,11,November,Al Reem Island
Easy Payment plan | Mangrove Residences | Luxury,"Expo City Mangrove Residences, Expo City, Dubai",2,3,2024-02-01 04:47:32+00:00,564362835.0,3000000,2024,2,February,Expo City
1% Monthly Payment Plan | High ROI | Luxury Living,"Levanto By Oro24, Jumeirah Village Circle, Dubai",2,3,2024-02-06 05:34:00+00:00,1051347466.0,1684000,2024,2,February,Jumeirah Village Circle
Spacious | Partial Marina View | Ready Unit,"Sadaf 5, Sadaf, Jumeirah Beach Residence, Dubai",2,3,2024-03-15 07:22:59+00:00,7115749500.0,2699999,2024,3,March,Jumeirah Beach Residence
Stunning View/ Prime Location/Great Investment,"The Bridges, Shams Abu Dhabi, Al Reem Island, Abu Dhabi",2,3,2023-03-26 06:59:28+00:00,0.0,2000000,2023,3,March,Al Reem Island
Canal View | Fully Furnished | Prime Location,"Bayz by Danube, Business Bay, Dubai",2,3,2024-01-30 10:18:48+00:00,65390271106.0,2500000,2024,1,January,Business Bay
VACANT | CENTRAL PARK VIEW | AREA SPECIALIST,"Jenna Main Square 2, Jenna Main Square, Town Square, Dubai",2,3,2024-02-03 09:07:26+00:00,7126232503.0,1600000,2024,2,February,Town Square
Wise Investment | 0% Commission | 5% Down Payment,"Reeman Living, Al Shamkha, Abu Dhabi",2,3,2023-08-03 04:18:42+00:00,0.0,1101000,2023,8,August,Al Shamkha
HOT DEAL | HIGH ROI | PERFECT PRICE,"MAG 330, City of Arabia, Dubai",2,0,2023-09-19 09:17:52+00:00,42298579.0,798000,2023,9,September,City of Arabia
Burj view | Paramount 3 br | Ready to move,"Tower B, DAMAC Towers by Paramount, Business Bay, Dubai",2,3,2024-03-15 04:31:04+00:00,1217067798.0,2900000,2024,3,March,Business Bay
1% Payment Plan Damac Altitude,"Damac Towers, Business Bay, Dubai",2,0,2024-01-31 10:10:58+00:00,1657299732.0,3920000,2024,1,January,Business Bay
Amazing Amenities | Good Community,"Al Sabeel Building, Al Ghadeer, Abu Dhabi",2,0,2023-09-22 07:52:52+00:00,0.0,450000,2023,9,September,Al Ghadeer
2 Bedroom in alreem island Zero% commission,"Al Reem Island, Abu Dhabi",2,3,2023-10-02 03:24:44+00:00,0.0,1600000,2023,10,October,Al Reem Island
Move-In Ready | Canal View | Large Balcony,"The View, Al Raha Beach, Abu Dhabi",2,3,2023-12-11 04:51:05+00:00,0.0,2270000,2023,12,December,Al Raha Beach
Biggest Studio Layout | Sea & Mangrove views,"Hydra Avenue Towers, City Of Lights, Al Reem Island, Abu Dhabi",2,0,2024-01-17 04:35:47+00:00,0.0,652800,2024,1,January,Al Reem Island
Fully  Furnished | Park View | High Floor,"Armada Tower 3, Lake Elucio, Jumeirah Lake Towers, Dubai",2,3,2024-02-05 01:53:52+00:00,7123209700.0,1700000,2024,2,February,Jumeirah Lake Towers
Last Chance! | Cash offer | Highest ROI,"Diva, Yas Island, Abu Dhabi",2,3,2023-08-22 03:26:22+00:00,0.0,1050000,2023,8,August,Yas Island
25% Discount | Buy low Sell High | Easy payments,"Diva, Yas Island, Abu Dhabi",2,3,2023-06-19 09:49:28+00:00,0.0,1140000,2023,6,June,Yas Island
VOT | Ready to view |360 view of park,"Mudon Views, Mudon, Dubai",2,3,2024-02-07 10:05:39+00:00,7178391726.0,2200000,2024,2,February,Mudon
Tranquil Living I Easy Payments I Hot Price,"Alreeman II, Al Shamkha, Abu Dhabi",2,3,2024-02-29 01:58:36+00:00,0.0,1254000,2024,2,February,Al Shamkha
Full SEA & CASINO View | Luxury Hotel Apartment,"Marjan Island Resort and Spa, Al Marjan Island, Ras Al Khaimah",2,3,2024-01-22 09:24:06+00:00,0.0,4000000,2024,1,January,Al Marjan Island
Fully Furnished | Brand New | High Floor Unit,"Jewelz by Danube, Arjan, Dubai",2,0,2024-01-17 09:49:28+00:00,71165272484.0,600000,2024,1,January,Arjan
3BR APARTMENT IN SELINA BAY | WITH BALCONY + LAUNDRY ROOM,"Selina Bay, Yas Island, Abu Dhabi",2,3,2024-03-01 08:39:17+00:00,0.0,1254717,2024,3,March,Yas Island
Best Offer | Limited 3 Bed | Furnished Serviced,"North 43 Residences, Jumeirah Village Circle, Dubai",2,3,2024-03-12 08:31:25+00:00,456027703.0,1914927,2024,3,March,Jumeirah Village Circle
LUXURY FLAT | GOLDEN VISA | GREAT VIEW | FLEXI PAYMENTS | PRIME LOCATION | HIGH ROI | GENUINE DIRECT,"Sobha Verde, Jumeirah Lake Towers, Dubai",2,3,2024-01-06 17:09:49+00:00,817185656.0,2650000,2024,1,January,Jumeirah Lake Towers
Magnificent| Luxurious l High ROI,"310 Riverside Crescent, Sobha Hartland II, Mohammed Bin Rashid City, Dubai",2,3,2024-02-26 06:31:21+00:00,173353897.0,2191944,2024,2,February,Mohammed Bin Rashid City
Full Burj Khalifa  | High Floor | Confirm Seller,"Boulevard Point, Downtown Dubai, Dubai",2,3,2024-02-28 07:11:49+00:00,6512527887.0,6600000,2024,2,February,Downtown Dubai
Invest in this Modern Unit For Your Family!,"Ansam 1, Ansam, Yas Island, Abu Dhabi",2,0,2023-11-22 09:40:55+00:00,0.0,850000,2023,11,November,Yas Island
